"sample","Biosynthesis","Degradation","Structure","metabolic_function","richness.y","neutral.y","phylo.y","mapped.y","total.y","metabolic_capacity","richness","neutral","phylo","mapped","total","sampleID","captureID","specimen","animal","sample_type","species","order","development","sampling_areaEHI","sampling_date","country","geographic_location","latitude","longitude","n_extractions","n_libraries","n_indexed_libraries","n_sequenced_datasets","host_data","metagenomic_data","n_MAGs","sex","bm","repro","sampling_site","area_type","macroarea","metapop","index200","index500","x","y","month","year","season","singlem_fraction","reads_post_fastp","host_reads","reads_lost_fastp_percent","metagenomic_bases","host_bases","bases_lost_fastp_percent","diversity","C"
"EHI00142",0.303499713446172,0.1586392674754,0.331429809820978,0.231069490460786,1644,102.82,3.901,3.194,4.656,0.572615584195232,1644,102.82,3.901,3.194,4.656,"ABB05","SD0031601","SD00316","4919","Faecal","Sciurus carolinensis","Rodentia","Adult","Piobesi",2021-03-23,"Italy","Piedmont, Piobesi",4494,759,1,1,1,1,"0.125","3.77",720,"M",490,"nonbreeding","Piobesi","rural","PIO","PR","0.2","0.188",7593432,44937589,3,2021,"spring-summer","0.6993",28076214,1230876,"0.0955411899309078",3769807332,124776720,"0.163588353380793",181100796536544,"0.871971118141036"
"EHI00144",0.359796046640305,0.173539816513215,0.371509826598113,0.26666793157676,1650,255.783,8.13,2.633,4.448,0.657172472019558,1650,255.783,8.13,2.633,4.448,"ABB26","SD0041201","SD00412","5762","Faecal","Sciurus carolinensis","Rodentia","Adult","Piobesi",2021-03-23,"Italy","Piedmont, Piobesi",4494,759,1,1,1,1,"0.79","3.235",732,"M",510,"nonbreeding","Piobesi","rural","PIO","PR","0.2","0.188",7593432,44937589,3,2021,"spring-summer","0.6645",28297524,5785566,"0.0456384593192924",3234959778,789953139,"0.0950392944688258",194353547837398,"0.775981458520832"
"EHI00161",0.35174825400735,0.166898247500878,0.326166671404003,0.259323250754114,1652,242.493,7.883,2.524,3.368,0.627368725309562,1652,242.493,7.883,2.524,3.368,"AAV40","SD0042102","SD00421","5772","Faecal","Sciurus carolinensis","Rodentia","Adult","commande",2020-12-22,"Italy","Piedmont, commande",4484,777,1,1,1,1,"0.043","2.987",410,"M",565,"nonbreeding","commande","suburban","COM","COM","0.2","0.2",7766891,44838837,12,2020,"winter","0.6824",21363430,350322,"0.0484725403245239",2987437558,42648626,"0.100266137270005",19339269477016,"0.790376529011625"
"EHI00169",0.338677875887974,0.16536778017184,0.345862768043922,0.252022828029907,1656,211.425,8.485,2.734,3.763,0.619333245407788,1656,211.425,8.485,2.734,3.763,"AAU91","SD0034202","SD00342","5605","Faecal","Sciurus carolinensis","Rodentia","Adult","Piobesi",2020-12-09,"Italy","Piedmont, Piobesi",4494,759,1,1,1,1,"0.261","3.252",732,"M",580,"nonbreeding","Piobesi","rural","PIO","PR","0.2","0.188",7593432,44937589,12,2020,"winter","0.6859",24502860,1777338,"0.0232658814375211",3251892132,260619106,"0.0665607829756113",192481109614039,"0.785683789205491"
"EHI00276",0.357616389135364,0.180562777988265,0.345837287296793,0.269089583561815,1621,180.595,5.583,2.231,3.015,0.653458262889227,1621,180.595,5.583,2.231,3.015,"AAA57","SD0036601","SD00366","5646","Faecal","Sciurus carolinensis","Rodentia","Adult","RS",2020-10-12,"Italy","Piedmont, RS",4495,76,1,1,1,1,"0.112","2.644",298,"M",600,"nonbreeding","RS","suburban","RS","PR","0.2","0.224",7594981,44950145,10,2020,"autumn","0.7498",18754970,772424,"0.0669518234939668",2643618639,111939479,"0.0860845677150122",188010486675437,"0.824056473971687"
"EHI00361",0.348733926043143,0.183038651691608,0.376906604298729,0.265886288867376,1120,7.962,1.475,11.077,28.371,0.657408112500995,1120,7.962,1.475,11.077,28.371,"AEL24","SD0177701","SD01777","4303","Faecal","Sciurus vulgaris","Rodentia","Adult","Varese",2021-10-25,"Italy","Lombardy, Varese",4583,883,1,1,1,1,"8.05","18.975",308,"F",325,"nonbreeding","Ville Ponti","urban","VAU","VA","0.842","0.876",8831966,45825571,10,2021,"autumn","0.7739",184338680,54672696,"0.0253745041410566",18974916774,8049504870,"0.0474529330077058",174421377991582,"0.796607658953976"
"EHI00363",0.314172302303253,0.134112079831933,0.269396734099103,0.224142191067593,1093,5.951,2.043,2.489,5.18,0.538083293501554,1093,5.951,2.043,2.489,5.18,"ADV74","SD0175201","SD01752","4307","Faecal","Sciurus vulgaris","Rodentia","Nursing","Varese",2021-09-28,"Italy","Lombardy, Varese",4583,88,1,1,1,1,"1.097","3.513",295,"F",395,"lactating","Villa Baragiola","urban","VAU","VA","0.723","0.714",8798065,45832156,9,2021,"autumn","0.6596",32521760,7974650,"0.0581628822038677",3512518735,1097275030,"0.109995917961352",155622739892921,"0.921546527888742"
"EHI00365",0.344683663805209,0.166891024875837,0.348479997496462,0.255787344340523,1614,114.995,4.578,3.262,4.69,0.627734687846534,1614,114.995,4.578,3.262,4.69,"ABC26","SD0032601","SD00326","4940","Faecal","Sciurus vulgaris","Rodentia","Nursing","Gallarate",2021-04-14,"Italy","Lombardy, Gallarate",4566,878,1,1,1,1,"0.237","4.066",376,"F",380,"lactating","Bassetti","urban","GAL","GAL","0.806","0.844",8781401,45661555,4,2021,"spring-summer","0.7284",29282278,1643596,"0.0634232543382072",4065610660,236517553,"0.0826594294448165",186860845264654,"0.883917620301825"
"EHI00367",0.307995823951978,0.11846349628902,0.243914708441869,0.213229660120499,717,3.946,1.581,1.417,4.154,0.507764223054954,717,3.946,1.581,1.417,4.154,"ADV69","SD0169102","SD01691","5702","Faecal","Sciurus vulgaris","Rodentia","Adult","Varese",2021-09-27,"Italy","Lombardy, Varese",4583,88,1,1,1,1,"0.021","3.961",295,"M",345,"nonbreeding","Villa Baragiola","urban","VAU","VA","0.723","0.714",8798065,45832156,9,2021,"autumn","0.6181",27152266,148844,"0.019469365940328",3960874993,21401095,"0.0412724797831336",184734774406312,"0.672239672272262"
"EHI00368",0.282852138851212,0.120646905327224,0.235131858148246,0.201749522089218,689,6.926,2.415,1.442,4.176,0.481876330227851,689,6.926,2.415,1.442,4.176,"ADV43","SD0175301","SD01753","4312","Faecal","Sciurus vulgaris","Rodentia","Adult","Varese",2021-09-30,"Italy","Lombardy, Varese",4583,88,1,1,1,1,"1.481","1.937",295,"F",335,"nonbreeding","Villa Baragiola","urban","VAU","VA","0.723","0.714",8798065,45832156,9,2021,"autumn","0.6107",25516878,11431884,"0.0835192798051249",1936874821,1481449409,"0.181501683664699",15503053737238,"0.975115778343057"
"EHI00371",0.336035149847401,0.165941165579046,0.346394400328803,0.250988157713224,1149,9.767,2.138,3.166,3.8,0.617441115536048,1149,9.767,2.138,3.166,3.8,"AEL21","SD0177601","SD01776","4322","Faecal","Sciurus vulgaris","Rodentia","Adult","Varese",2021-10-25,"Italy","Lombardy, Varese",4583,883,1,1,1,1,"0.098","3.546",295,"F",360,"nonbreeding","Ville Ponti","urban","VAU","VA","0.842","0.876",8831966,45825571,10,2021,"autumn","0.8833",24747114,670726,"0.0231887689369539",3546261854,97834132,"0.0410750155360702",155736660964312,"0.99169654684644"
"EHI00374",0.295662369063808,0.163697842697545,0.333316521209337,0.229680105880676,1591,18.959,1.927,3.342,4.599,0.570465718831132,1591,18.959,1.927,3.342,4.599,"ABC31","SD0030601","SD00306","4903","Faecal","Sciurus vulgaris","Rodentia","Adult","Gallarate",2021-04-16,"Italy","Lombardy, Gallarate",4566,878,1,1,1,1,"0.058","3.94",356,"M",320,"nonbreeding","Bassetti","urban","GAL","GAL","0.806","0.844",8781401,45661555,4,2021,"spring-summer","0.7615",27561084,485664,"0.100988312916307",3939912203,58249670,"0.130562922058404",17018345835953,"0.918727362917774"
"EHI00375",0.344243661132883,0.175144419330233,0.34765006094264,0.259694040231558,1617,240.734,5.732,1.238,2.053,0.635271434110663,1617,240.734,5.732,1.238,2.053,"AEL09","SD0039402","SD00394","5704","Faecal","Sciurus carolinensis","Rodentia","Adult","ILO",2021-10-12,"Italy","Piedmont, ILO",4502,767,1,1,1,1,"0.19","1.604",456,"F",575,"nonbreeding","ILO","urban","ILO","TO","0.448","0.511",76723,45024144,10,2021,"autumn","0.6926",12267744,1270384,"0.103775704889127",1604389309,189567995,"0.126278844077388",193772668088847,"0.691381468939264"
"EHI00376",0.332530794399069,0.171294391719704,0.330715263228483,0.251912593059386,1655,223.021,6.722,3.208,4.752,0.614063607194933,1655,223.021,6.722,3.208,4.752,"ADW20","SD0042602","SD00426","5786","Faecal","Sciurus carolinensis","Rodentia","Adult","ILO",2021-10-12,"Italy","Piedmont, ILO",4502,767,1,1,1,1,"0.094","3.947",485,"M",635,"nonbreeding","ILO","urban","ILO","TO","0.448","0.511",76723,45024144,10,2021,"autumn","0.7249",27391026,628440,"0.135381933170652",3946710019,94250200,"0.14962727508246",191511258726387,"0.834838897857596"
"EHI00377",0.349754731658036,0.181877354080297,0.343477364633981,0.265816042869166,1618,215.688,6.72,2.86,4.123,0.646124540616326,1618,215.688,6.72,2.86,4.123,"AAB12","SD0042001","SD00420","5771","Faecal","Sciurus carolinensis","Rodentia","Adult","commande",2020-10-28,"Italy","Piedmont, commande",4484,777,1,1,1,1,"0.063","3.572",414,"F",410,"nonbreeding","commande","suburban","COM","COM","0.2","0.2",7766891,44838837,10,2020,"autumn","0.6541",24803844,422792,"0.0976956171027408",3571772990,63161926,"0.118465211480102",191432119265046,"0.852505381231261"
"EHI00380",0.346356241888206,0.177065589452348,0.345573934321943,0.261710915670277,1630,223.419,6.764,2.216,3.491,0.638613142781202,1630,223.419,6.764,2.216,3.491,"ADW18","SD0175901","SD01759","4315","Faecal","Sciurus carolinensis","Rodentia","Adult","ILO",2021-10-12,"Italy","Piedmont, ILO",4502,767,1,1,1,1,"0.438","2.708",470,"F",560,"nonbreeding","ILO","urban","ILO","TO","0.448","0.511",76723,45024144,10,2021,"autumn","0.6859",21576332,2970990,"0.0728267562885967",2708129742,438072502,"0.0986807396358887",192670645452771,"0.769875414961637"
"EHI00381",0.307524090782076,0.16140545081425,0.323448793930037,0.234464770798163,1628,140.709,5.602,2.518,3.356,0.576745806239672,1628,140.709,5.602,2.518,3.356,"AEL73","SD0044604","SD00446","5954","Faecal","Sciurus vulgaris","Rodentia","Adult","Calusco",2021-11-16,"Italy","Lombardy, Calusco",4568,946,1,1,1,1,"0.096","3.081",584,"F",290,"nonbreeding","C03-18","rural","CAL","CAL","0.047","0.227",9460459,45680513,11,2021,"autumn","0.7039",21872528,706762,"0.0223819603432415",3080717836,96191496,"0.0533623202838123",188594525977275,"0.859406542456119"
"EHI00382",0.344422486476569,0.169185726428514,0.334309406685054,0.256804106452541,1674,295.826,7.59,7.737,13.114,0.625044681800101,1674,295.826,7.59,7.737,13.114,"AEL08","SD0039802","SD00398","5712","Faecal","Sciurus carolinensis","Rodentia","Nursing","ILO",2021-10-12,"Italy","Piedmont, ILO",4502,767,1,1,1,1,"2.814","9.66",511,"F",640,"lactating","ILO","urban","ILO","TO","0.448","0.511",76723,45024144,10,2021,"autumn","0.6842",85779402,19247920,"0.0188617312162468",9660038506,2813760507,"0.04883757767618",195684728797995,"0.864189773391581"
"EHI00383",0.379407718309953,0.179794328582376,0.323818845638718,0.279601023446164,1615,118.507,5.754,3.539,13.63,0.667141662105235,1615,118.507,5.754,3.539,13.63,"ADU72","SD0170402","SD01704","5728","Faecal","Sciurus vulgaris","Rodentia","Adult","Golasecca",2021-09-06,"Italy","Lombardy, Golasecca",4569,866,1,1,1,1,"7.984","4.213",593,"M",315,"nonbreeding","GS","rural","GS","GS","0.0635","0.0985",865614,45687981,9,2021,"autumn","0.6415",86600626,56243330,"0.0469774436818363",4213267166,7983761399,"0.105160945564684",183849888140212,"0.888928585953616"
"EHI00385",0.350853213445304,0.175951047610101,0.334079822198824,0.263402130527703,1644,267.654,6.298,3.262,4.504,0.638164201788346,1644,267.654,6.298,3.262,4.504,"AAB02","SD0039101","SD00391","5675","Faecal","Sciurus carolinensis","Rodentia","Adult","commande",2020-10-28,"Italy","Piedmont, commande",4484,777,1,1,1,1,"0.113","3.881",414,"F",520,"nonbreeding","commande","suburban","COM","COM","0.2","0.2",7766891,44838837,10,2020,"autumn","0.6954",27273918,766208,"0.0916005404450139",3880580385,112669950,"0.113324692066179",192154681449264,"0.827946736323244"
"EHI00387",0.355731731614338,0.17749561855499,0.329823850763518,0.266613675084664,1639,233.247,6.628,2.932,3.889,0.643168633757168,1639,233.247,6.628,2.932,3.889,"AEL05","SD0176401","SD01764","4310","Faecal","Sciurus carolinensis","Rodentia","Adult","ILO",2021-10-12,"Italy","Piedmont, ILO",4502,767,1,1,1,1,"0.156","3.506",473,"M",620,"nonbreeding","ILO","urban","ILO","TO","0.448","0.511",76723,45024144,10,2021,"autumn","0.7453",24987816,1048800,"0.0363199894730257",3506447270,155784030,"0.0584160169003394",190537127577969,"0.844865314510624"
"EHI00389",0.326560047501843,0.163083500821233,0.331496358622058,0.244821774161538,1608,131.708,5.387,2.995,3.718,0.600142334530429,1608,131.708,5.387,2.995,3.718,"AEL82","SD0178901","SD01789","5826","Faecal","Sciurus vulgaris","Rodentia","Adult","Calusco",2021-11-16,"Italy","Lombardy, Calusco",4568,946,1,1,1,1,"0.011","3.568",593,"F",330,"nonbreeding","C03-18","rural","CAL","CAL","0.047","0.227",9460459,45680513,11,2021,"autumn","0.7512",24352902,87126,"0.0174258430510509",3568247771,11150393,"0.0372060152894259",18755745861704,"0.891645600507149"
"EHI00391",0.371579627740508,0.187465114104457,0.323150696762609,0.279522370922483,1573,120.885,5.381,2.289,3.365,0.666761640765835,1573,120.885,5.381,2.289,3.365,"ADU75","SD0172601","SD01726","4225","Faecal","Sciurus vulgaris","Rodentia","Nursing","Golasecca",2021-09-06,"Italy","Lombardy, Golasecca",4569,866,1,1,1,1,"0.222","2.697",587,"F",320,"lactating","GS","rural","GS","GS","0.0635","0.0985",865614,45687981,9,2021,"autumn","0.6985",19945078,1498844,"0.110907493105938",2697233278,222149263,"0.132417150082359",183697673508184,"0.864143436208863"
"EHI00392",0.348878271569347,0.178138346234891,0.338822825187295,0.263508308902119,1645,235.885,6.279,1.48,2.625,0.639957559533337,1645,235.885,6.279,1.48,2.625,"AEL44","SD0031703","SD00317","4920","Faecal","Sciurus carolinensis","Rodentia","Adult","Torino",2021-11-10,"Italy","Piedmont, Torino",4506,769,1,1,1,1,"0.729","1.785",395,"F",685,"nonbreeding","TO","urban","TO","TO","0.576","0.71",7687153,45056009,11,2021,"autumn","0.6919",17226498,4890902,"0.0157799743925077",1784557379,729386485,"0.0424542878837482",191062657614094,"0.735165246853105"
"EHI00393",0.382072442117363,0.193035392238599,0.36439363415966,0.287553917177981,1642,199.838,6.682,1.934,2.822,0.696572379075849,1642,199.838,6.682,1.934,2.822,"AEL61","SD0178601","SD01786","TO15","Faecal","Sciurus carolinensis","Rodentia","Adult","Torino",2021-11-10,"Italy","Piedmont, Torino",4506,769,1,1,1,1,"0.376","2.263",403,"F",620,"nonbreeding","TO","urban","TO","TO","0.576","0.71",7687153,45056009,11,2021,"autumn","0.6273",18425978,2635640,"0.0205670533374327",2263096445,376028113,"0.0647821452764549",18965637556249,"0.773350421691406"
"EHI00394",0.303482757512002,0.148924203707024,0.30985422043227,0.226203480609513,1597,84.486,4.563,2.965,3.691,0.555691701363116,1597,84.486,4.563,2.965,3.691,"AEL92","SD0046603","SD00466","5992","Faecal","Sciurus vulgaris","Rodentia","Adult","Calusco",2021-11-16,"Italy","Lombardy, Calusco",4568,946,1,1,1,1,"0.069","3.433",576,"F",280,"nonbreeding","C03-18","rural","CAL","CAL","0.047","0.227",9460459,45680513,11,2021,"autumn","0.6898",24140418,507636,"0.0189854323078346",3432844170,68785224,"0.0513421802463986",181028469329284,"0.909102899004083"
"EHI00398",0.341641777742338,0.16738007278805,0.336250709376419,0.254510925265194,1650,271.41,8.437,1.675,2.28,0.621105420322528,1650,271.41,8.437,1.675,2.28,"AAA55","SD0034101","SD00341","5604","Faecal","Sciurus carolinensis","Rodentia","Adult","Piobesi",2020-10-12,"Italy","Piedmont, Piobesi",4494,759,1,1,1,1,"0.155","2.006",719,"F",545,"nonbreeding","Piobesi","rural","PIO","PR","0.2","0.188",7593432,44937589,10,2020,"autumn","0.6751",14905282,1072460,"0.0192304832532744",2006263064,155341452,"0.0517742562424695",193376591581372,"0.724638570160751"
"EHI00399",0.35477161762059,0.182769085091443,0.339804079578968,0.268770351356016,1677,148.052,6.022,2.806,4.559,0.650808729238355,1677,148.052,6.022,2.806,4.559,"AEL51","SD0029602","SD00296","4376","Faecal","Sciurus carolinensis","Rodentia","Adult","Torino",2021-11-10,"Italy","Piedmont, Torino",4506,769,1,1,1,1,"0.967","3.416",406,"M",580,"nonbreeding","TO","urban","TO","TO","0.576","0.71",7687153,45056009,11,2021,"autumn","0.6827",29929518,6518940,"0.0151551407360374",3416429898,967409363,"0.0383180555429418",18624617711887,"0.834959765141371"
"EHI00400",0.402578993788616,0.180933727856868,0.28779309147332,0.291756360822742,1537,60.606,5.241,2.63,3.655,0.679443752136591,1537,60.606,5.241,2.63,3.655,"ADV34","SD0172501","SD01725","4233","Faecal","Sciurus vulgaris","Rodentia","Adult","Golasecca",2021-09-06,"Italy","Lombardy, Golasecca",4569,866,1,1,1,1,"0.375","3.091",586,"F",335,"nonbreeding","GS","rural","GS","GS","0.0635","0.0985",865614,45687981,9,2021,"autumn","0.6994",23823856,2582496,"0.0221915911908714",3091221168,375475460,"0.051436757719195",176893858349892,"0.913842570319927"
"EHI00402",0.347330394424606,0.178876616110394,0.350503943881397,0.2631035052675,1650,335.297,7.967,2.065,2.774,0.643041658495466,1650,335.297,7.967,2.065,2.774,"AAB49","SD0037101","SD00371","5653","Faecal","Sciurus carolinensis","Rodentia","Adult","commande",2020-10-28,"Italy","Piedmont, commande",4484,777,1,1,1,1,"0.02","2.459",401,"F",535,"nonbreeding","commande","suburban","COM","COM","0.2","0.2",7766891,44838837,10,2020,"autumn","0.6483",17202422,150184,"0.0697668558307024",2458908797,20056378,"0.106321358303909",195512478414595,"0.744503103144722"
"EHI00404",0.353305807831876,0.180704572441751,0.344593706788023,0.267005190136813,1657,253.525,9.963,1.697,2.24,0.648874949202968,1657,253.525,9.963,1.697,2.24,"AAA17","SD0034401","SD00344","5608","Faecal","Sciurus carolinensis","Rodentia","Pregnant","Piobesi",2020-10-12,"Italy","Piedmont, Piobesi",4494,759,1,1,1,1,"0.091","2.061",729,"F",600,"lactating","Piobesi","rural","PIO","PR","0.2","0.188",7593432,44937589,10,2020,"autumn","0.7108",14706832,618028,"0.015179150782368",2061009864,91305707,"0.0391562015002948",194266916008715,"0.724026113939847"
"EHI00405",0.30861501146855,0.159633820518183,0.311882570087062,0.234124415993366,1650,110.338,5.657,3.158,4.22,0.57220968868242,1650,110.338,5.657,3.158,4.22,"AEL81","SD0179101","SD01791","5830","Faecal","Sciurus vulgaris","Rodentia","Adult","Calusco",2021-11-16,"Italy","Lombardy, Calusco",4568,946,1,1,1,1,"0.367","3.72",581,"M",300,"breeding","C03-18","rural","CAL","CAL","0.047","0.227",9460459,45680513,11,2021,"autumn","0.7097",27784262,2478080,"0.0124642864048352",3720320594,366709076,"0.0315650009231699",186229885845593,"0.893151637269581"
"EHI00406",0.351309969791988,0.18210288539662,0.337631691832296,0.266706427594304,1652,199.031,7.627,2.609,3.389,0.64595675246604,1652,199.031,7.627,2.609,3.389,"AEL64","SD0178701","SD01787","TO19","Faecal","Sciurus carolinensis","Rodentia","Adult","Torino",2021-11-11,"Italy","Piedmont, Torino",4506,769,1,1,1,1,"0.159","3.093",408,"F",570,"nonbreeding","TO","urban","TO","TO","0.576","0.71",7687153,45056009,11,2021,"autumn","0.681",22229450,1105954,"0.0160110429044851",3092901233,159002522,"0.0403609072776763",190811967984154,"0.806183657439497"
"EHI00408",0.343470985118082,0.168925767378065,0.335064926037341,0.256198376248074,1650,241.969,9.068,2.599,3.412,0.624085061175261,1650,241.969,9.068,2.599,3.412,"AAA67","SD0034301","SD00343","5607","Faecal","Sciurus carolinensis","Rodentia","Adult","Piobesi",2020-10-12,"Italy","Piedmont, Piobesi",4494,759,1,1,1,1,"0.181","3.102",737,"F",550,"nonbreeding","Piobesi","rural","PIO","PR","0.2","0.188",7593432,44937589,10,2020,"autumn","0.7108",22417552,1232906,"0.014325151866343",3102053492,181491292,"0.0375078996703828",193224820046976,"0.790946583699608"
"EHI00410",0.3380106627644,0.169294935551596,0.3289009728129,0.253652799157998,1632,117.946,5.813,2.726,3.872,0.616939255920296,1632,117.946,5.813,2.726,3.872,"ADV86","SD0031202","SD00312","4912","Faecal","Sciurus vulgaris","Rodentia","Adult","Gallarate",2021-10-07,"Italy","Lombardy, Gallarate",4566,878,1,1,1,1,"0.423","3.2",372,"M",310,"nonbreeding","Aloisianum","urban","GAL","GAL","0.81","0.832",8779362,45656676,10,2021,"autumn","0.7321",24589258,2823934,"0.0474329188915209",3200297549,422690959,"0.0643232401305417",186374733834892,"0.866951048475807"
"EHI00411",0.290843172779542,0.151939193550457,0.307825014639053,0.221391183164999,1623,104.413,5.86,2.747,3.499,0.545390704543016,1623,104.413,5.86,2.747,3.499,"AEL78","SD0179001","SD01790","5831","Faecal","Sciurus vulgaris","Rodentia","Adult","Calusco",2021-11-16,"Italy","Lombardy, Calusco",4568,946,1,1,1,1,"0.005","3.374",585,"M",350,"breeding","C03-18","rural","CAL","CAL","0.047","0.227",9460459,45680513,11,2021,"autumn","0.7244",23060214,39040,"0.0115526392199756",3373733992,5253345,"0.0344260999003818",187454009404225,"0.864921869908692"
"EHI00413",0.28730983917473,0.136262337824815,0.307155612157217,0.211786088499773,1500,92.959,4.626,0.798,2.112,0.525957381051951,1500,92.959,4.626,0.798,2.112,"ADV82","SD0176802","SD01768","4308","Faecal","Sciurus vulgaris","Rodentia","Adult","Gallarate",2021-10-08,"Italy","Lombardy, Gallarate",4566,878,1,1,1,1,"1.021","0.977",357,"F",295,"nonbreeding","Aloisianum","urban","GAL","GAL","0.81","0.832",8779362,45656676,10,2021,"autumn","0.7021",13725160,6941302,"0.0252496113117168",977189394,1020883669,"0.0539891727859209",183372035721771,"0.765958411654605"
"EHI00414",0.353231399961757,0.172092436879765,0.347020843374354,0.262661918420761,1647,279.655,8.034,2.091,2.692,0.64099745129964,1647,279.655,8.034,2.091,2.692,"AAB20","SD0037001","SD00370","5651","Faecal","Sciurus carolinensis","Rodentia","Adult","commande",2020-10-28,"Italy","Piedmont, commande",4484,777,1,1,1,1,"0.063","2.518",406,"F",590,"nonbreeding","commande","suburban","COM","COM","0.2","0.2",7766891,44838837,10,2020,"autumn","0.6759",17720486,427684,"0.0126351376801307",2517961830,62575333,"0.0414364780376034",193966272848134,"0.761073576555171"
"EHI00416",0.337036779207905,0.160656298384182,0.344669351550556,0.248846538796044,1663,216.327,9.273,1.835,2.434,0.612582861442273,1663,216.327,9.273,1.835,2.434,"AEL40","SD0031002","SD00310","4907","Faecal","Sciurus carolinensis","Rodentia","Adult","Torino",2021-11-10,"Italy","Piedmont, Torino",4506,769,1,1,1,1,"0.104","2.256",406,"M",625,"breeding","TO","urban","TO","TO","0.576","0.71",7687153,45056009,11,2021,"autumn","0.7109",16011870,694658,"0.013123128250042",2255895039,103518664,"0.0305313852033421",192756182034663,"0.755153445743327"
"EHI00417",0.344164781678648,0.168396844402641,0.335809975744472,0.256280813040644,1649,276.105,8.113,2.963,3.814,0.62449828466278,1649,276.105,8.113,2.963,3.814,"AAA89","SD0034201","SD00342","5605","Faecal","Sciurus carolinensis","Rodentia","Adult","Piobesi",2020-10-12,"Italy","Piedmont, Piobesi",4494,759,1,1,1,1,"0.102","3.519",730,"M",530,"nonbreeding","Piobesi","rural","PIO","PR","0.2","0.188",7593432,44937589,10,2020,"autumn","0.6662",24981814,708804,"0.0174257006724914",3518719755,102061795,"0.0505928580662128",193730070361146,"0.81030569149463"
"EHI00418",0.381921726741566,0.195150466421687,0.358922102868704,0.288536096581626,1625,134.791,6.313,2.399,3.005,0.696712894119488,1625,134.791,6.313,2.399,3.005,"ADV27","SD0040203","SD00402","5719","Faecal","Sciurus vulgaris","Rodentia","Adult","Golasecca",2021-09-06,"Italy","Lombardy, Golasecca",4569,866,1,1,1,1,"0.074","2.829",592,"F",325,"nonbreeding","GS","rural","GS","GS","0.0635","0.0985",865614,45687981,9,2021,"autumn","0.7453",19698496,500094,"0.0167749012282468",2829335486,73920877,"0.0339179450483948",188149135536847,"0.864514127135665"
"EHI00420",0.325682372945987,0.145815629016476,0.315066325502716,0.235749000981231,604,1.77,1.364,2.066,3.078,0.576520110463368,604,1.77,1.364,2.066,3.078,"ADV29","SD0032503","SD00325","4939","Faecal","Sciurus vulgaris","Rodentia","Adult","Golasecca",2021-09-06,"Italy","Lombardy, Golasecca",4569,866,1,1,1,1,"0.002","2.937",565,"M",330,"nonbreeding","GS","rural","GS","GS","0.0635","0.0985",865614,45687981,9,2021,"autumn","0.7721",20171316,11652,"0.0170905928014015",2936675388,1989414,"0.0453634661254602",166826782526779,"0.865894819490289"
"EHI01453",0.343181358775141,0.165498669564812,0.324753924485673,0.254340014169977,1652,172.892,8.523,3.425,4.33,0.616931336501845,1652,172.892,8.523,3.425,4.33,"AAV28","SD0037002","SD00370","5651","Faecal","Sciurus carolinensis","Rodentia","Adult","commande",2020-12-21,"Italy","Piedmont, commande",4484,777,1,1,1,1,"0.011","4.205",269,"F",620,"nonbreeding","commande","suburban","COM","COM","0.2","0.2",7766891,44838837,12,2020,"winter","0.7719",28183752,72078,"0.0236360178382687",4205472766,11051579,"0.0261853708320818",18838723276599,"0.87575752809047"
"EHI01454",0.393829849387595,0.198009290821941,0.336491586113821,0.295919570104768,1548,80.827,5.234,2.896,4.022,0.704003002247476,1548,80.827,5.234,2.896,4.022,"AEU09","SD0170303","SD01703","5777","Faecal","Sciurus vulgaris","Rodentia","Adult","Golasecca",2022-02-07,"Italy","Lombardy, Golasecca",4569,866,1,1,1,1,"0.459","3.38",326,"M",340,"breeding","GS","rural","GS","GS","0.0635","0.0985",865614,45687981,2,2022,"winter","0.7196",25954582,3123197,"0.0320732567696108",3379557396,458621857,"0.0457493929740451",181482384018684,"0.929226030595495"
"EHI01455",0.334114313781918,0.168657379740994,0.346646680419661,0.251385846761456,1657,284.568,6.788,3.703,4.978,0.618320586996132,1657,284.568,6.788,3.703,4.978,"AAA52","SD0035901","SD00359","5638","Faecal","Sciurus carolinensis","Rodentia","Adult","Piobesi",2020-10-12,"Italy","Piedmont, Piobesi",4494,759,1,1,1,1,"0.141","4.547",560,"F",565,"nonbreeding","Piobesi","rural","PIO","PR","0.2","0.188",7593432,44937589,10,2020,"autumn","0.7488",31565740,946758,"0.0489193216858184",4547029497,141106098,"0.0583049467087926",193733688411027,"0.825508543596707"
"EHI01456",0.341132926733626,0.178386227659203,0.332100476829621,0.259759577196414,1598,185.692,5.167,1.744,2.275,0.630219313336035,1598,185.692,5.167,1.744,2.275,"AAU78","SD0044102","SD00441","5941","Faecal","Sciurus carolinensis","Rodentia","Adult","AddaNord",2021-01-12,"Italy","Lombardy, AddaNord",4557,953,1,1,1,1,"0.004","2.094",450,"M",530,"breeding","C03-03","urban","AN2","AN","0.59","0.631",9529524,45573628,1,2021,"winter","0.7577",14111124,27791,"0.0694348127371895",2093598492,4121604,"0.0777652704069022",18640650260425,"0.825545772994242"
"EHI01457",0.355618222572217,0.184775678558694,0.338811326544409,0.270196950565456,1577,118.419,5.132,2.889,4.874,0.653331009979048,1577,118.419,5.132,2.889,4.874,"AEM04","SD0170903","SD01709","5745","Faecal","Sciurus vulgaris","Rodentia","Adult","Pineta",2021-12-10,"Italy","Lombardy, Pineta",4574,891,1,1,1,1,"1.155","3.513",177,"F",375,"nonbreeding","Seminario","suburban","PINR","PIN","0.118","0.282",8907712,45735462,12,2021,"winter","0.7296",31464560,7777570,"0.0315748263181416",3512740959,1155426469,"0.0421454376528398",182417468630866,"0.912883757416958"
"EHI01458",0.375012434658608,0.18282944257041,0.324697161490571,0.278920938614509,1650,99.38,6.996,9.956,17.337,0.666074264392541,1650,99.38,6.996,9.956,17.337,"ACH13","SD0029703","SD00297","4378","Faecal","Sciurus vulgaris","Rodentia","Adult","Golasecca",2021-05-31,"Italy","Lombardy, Golasecca",4569,866,1,1,1,1,"4.83","11.733",354,"M",310,"breeding","GS","rural","GS","GS","0.0635","0.0985",865614,45687981,5,2021,"spring-summer","0.7992",111513812,31951234,"0.0351749801037058",11732872621,4830192899,"0.0446349360515315",185410265582999,"0.963371482097142"
"EHI01459",0.370530415908382,0.184079114269189,0.355812174866586,0.277304765088785,1623,243.943,7.488,1.269,1.61,0.673213588466433,1623,243.943,7.488,1.269,1.61,"AAB38","SD0042101","SD00421","5772","Faecal","Sciurus carolinensis","Rodentia","Adult","commande",2020-10-28,"Italy","Piedmont, commande",4484,777,1,1,1,1,"0.029","1.507",247,"M",560,"nonbreeding","commande","suburban","COM","COM","0.2","0.2",7766891,44838837,10,2020,"autumn","0.7369",10359376,198176,"0.0349416868446804",1507364232,29231598,"0.0456924691852106",189435275601774,"0.749426192150498"
"EHI01460",0.369961754793165,0.176562581395061,0.31861573058298,0.273262168094113,1649,74.367,5.96,6.191,8.948,0.652729579715886,1649,74.367,5.96,6.191,8.948,"ACH07","SD0040202","SD00402","5719","Faecal","Sciurus vulgaris","Rodentia","Pregnant","Golasecca",2021-05-31,"Italy","Lombardy, Golasecca",4569,866,1,1,1,1,"1.191","7.333",337,"F",305,"pregnant","GS","rural","GS","GS","0.0635","0.0985",865614,45687981,5,2021,"spring-summer","0.7905",57366102,7891163,"0.0383718551055632",7333306758,1190588792,"0.0474260839010878",183063598271398,"0.93170171890897"
"EHI01461",0.38938323054198,0.201421275121409,0.362598494639812,0.295402252831695,1488,45.45,4.811,1.055,5.208,0.711670670543326,1488,45.45,4.811,1.055,5.208,"AAA86","SD0029801","SD00298","4386","Faecal","Sciurus vulgaris","Rodentia","Adult","Golasecca",2020-10-27,"Italy","Lombardy, Golasecca",4569,866,1,1,1,1,"3.719","1.338",295,"M",310,"nonbreeding","GS","rural","GS","GS","0.0635","0.0985",865614,45687981,10,2020,"autumn","0.6917",34087750,24879732,"0.0181562355082795",1338362043,3718641261,"0.0289400813984636",175461986373375,"0.893336410616511"
"EHI01462",0.351959983467594,0.169769170905531,0.314436742088233,0.260864577186562,1633,89.7,6.289,5.208,6.296,0.626541401735869,1633,89.7,6.289,5.208,6.296,"ACH19","SD0029804","SD00298","4386","Faecal","Sciurus vulgaris","Rodentia","Adult","Golasecca",2021-06-01,"Italy","Lombardy, Golasecca",4569,866,1,1,1,1,"0.07","5.978",337,"M",265,"breeding","GS","rural","GS","GS","0.0635","0.0985",865614,45687981,6,2021,"spring-summer","0.8182",40827790,498888,"0.0273593862660476",5978499274,70055758,"0.0393683193844084",182711411026699,"0.943914687016838"
"EHI01463",0.361917171686206,0.177258756126606,0.363783198703916,0.269587963906406,1667,248.593,9.965,4.865,6.773,0.66043699404745,1667,248.593,9.965,4.865,6.773,"AAV34","SD0035903","SD00359","5638","Faecal","Sciurus carolinensis","Rodentia","Adult","Piobesi",2020-12-11,"Italy","Piedmont, Piobesi",4494,759,1,1,1,1,"0.374","6.144",576,"F",550,"nonbreeding","Piobesi","rural","PIO","PR","0.2","0.188",7593432,44937589,12,2020,"winter","0.7415",43996750,2520017,"0.0256022864956839",6143774948,373828587,"0.0376958931388268",195237903157582,"0.841521327290311"
"EHI01464",0.348564803023312,0.173966522699496,0.363617501979872,0.261265662861404,1656,248.279,7.866,7.97,10.322,0.643737159716098,1656,248.279,7.866,7.97,10.322,"ABA79","SD0043603","SD00436","5933","Faecal","Sciurus carolinensis","Rodentia","Nursing","AddaNord",2021-03-30,"Italy","Lombardy, AddaNord",4556,953,1,1,1,1,"0.115","9.767",503,"F",560,"lactating","C03-02","rural","AN","AN","0.13","0.146",9524899,45563423,3,2021,"spring-summer","0.7494",66491144,770291,"0.0337413348114264",9766932496,114736867,"0.0426545978787589",191719058958241,"0.919823801290172"
"EHI01465",0.351130292672974,0.166288842725724,0.357378648406346,0.258709567699349,1657,230.61,7.199,4.196,5.443,0.636545351534146,1657,230.61,7.199,4.196,5.443,"AAV06","SD0034303","SD00343","5607","Faecal","Sciurus carolinensis","Rodentia","Adult","Piobesi",2020-12-10,"Italy","Piedmont, Piobesi",4494,759,1,1,1,1,"0.18","5.082",557,"F",500,"nonbreeding","Piobesi","rural","PIO","PR","0.2","0.188",7593432,44937589,12,2020,"winter","0.728",35418064,1210793,"0.0239389440712899",5082289912,179509669,"0.0332922290508587",191150755546911,"0.857691015819323"
"EHI01467",0.364341014093563,0.169735106118708,0.378235048369761,0.267038060106136,1673,227.054,8.411,18.968,24.578,0.660154469668858,1673,227.054,8.411,18.968,24.578,"AAV18","SD0034402","SD00344","5608","Faecal","Sciurus carolinensis","Rodentia","Adult","Piobesi",2020-12-10,"Italy","Piedmont, Piobesi",4494,759,1,1,1,1,"0.582","23.239",655,"F",630,NA,"Piobesi","rural","PIO","PR","0.2","0.188",7593432,44937589,12,2020,"winter","0.7615",160412922,3885521,"0.0210090523247307",23238747946,581850934,"0.0308282574341212",192980266421077,"0.950621810560096"
"EHI01468",0.344936488705309,0.172800553347628,0.347109108727184,0.258868521026468,1637,271.721,8.293,1.39,1.914,0.633440078295331,1637,271.721,8.293,1.39,1.914,"ABB40","SD0035904","SD00359","5638","Faecal","Sciurus carolinensis","Rodentia","Pregnant","Piobesi",2021-03-24,"Italy","Piedmont, Piobesi",4494,759,1,1,1,1,"0.151","1.697",536,"F",590,"pregnant","Piobesi","rural","PIO","PR","0.2","0.188",7593432,44937589,3,2021,"spring-summer","0.6768",12453422,1018097,"0.0240428569614898",1696946557,151042974,"0.0345044207983763",191910386146249,"0.740000121680607"
"EHI01469",0.337495964694354,0.169527447711332,0.359796502620395,0.253511706202843,1648,255.455,6.698,3.789,4.907,0.626955579945817,1648,255.455,6.698,3.789,4.907,"AAU79","SD0043602","SD00436","5933","Faecal","Sciurus carolinensis","Rodentia","Adult","AddaNord",2021-01-12,"Italy","Lombardy, AddaNord",4556,952,1,1,1,1,"0.08","4.621",465,"F",520,"nonbreeding","C03-02","rural","AN","AN","0.13","0.146",9524899,45563423,1,2021,"winter","0.7176",31713516,529931,"0.0306131500552682",4621358927,79638123,"0.0420310124976415",190841016510394,"0.852904381198642"
"EHI01470",0.238168715437838,0.111363115720598,0.267156069107064,0.174765915579218,1616,41.713,4.284,6.025,7.55,0.438583854194123,1616,41.713,4.284,6.025,7.55,"ADV61","SD0171202","SD01712","5743","Faecal","Sciurus vulgaris","Rodentia","Adult","Varese",2021-11-04,"Italy","Lombardy, Varese",458,885,1,1,1,1,"0.099","7.208",146,"M",285,"nonbreeding","ASL","urban","VAS","VA","0.59","0.651",8848748,45799523,11,2021,"autumn","0.7497",49076128,660993,"0.0249591604863842",7208121896,99234229,"0.0321199680158193",176209511541804,"0.965783776420145"
"EHI01471",0.343455047431491,0.171913685173891,0.352767987860605,0.257684366302691,1644,226.663,5.706,3.842,4.922,0.63295806189225,1644,226.663,5.706,3.842,4.922,"AAV72","SD0044003","SD00440","5939","Faecal","Sciurus carolinensis","Rodentia","Adult","AddaNord",2021-01-14,"Italy","Lombardy, AddaNord",4556,952,1,1,1,1,"0.051","4.642",470,"M",490,"breeding","C03-02","rural","AN","AN","0.13","0.146",9524899,45563423,1,2021,"winter","0.7287",31557008,337484,"0.0383796049864197",4642488395,50665781,"0.0465862558780912",188799128208744,"0.883353488689905"
"EHI01472",0.371862901851041,0.182693450206132,0.3178153696222,0.277278176028586,1638,154.852,6.662,1.079,5.074,0.660494808597906,1638,154.852,6.662,1.079,5.074,"ABA27","SD0031101","SD00311","4910","Faecal","Sciurus vulgaris","Rodentia","Adult","Pineta",2021-03-09,"Italy","Lombardy, Pineta",4576,89,1,1,1,1,"3.347","1.441",164,"M",320,"breeding","PIN-CAPR","suburban","PINS","PIN","0.464","0.416",8904471,45757363,3,2021,"spring-summer","0.7286",32550894,22403100,"0.0376846530438485",1441149797,3347051432,"0.0562963694164578",189365706810751,"0.750910038108319"
"EHI01473",0.347828078354016,0.177171989791015,0.356327232687037,0.262500034072515,1641,308.405,7.537,2.486,3.219,0.643775812374043,1641,308.405,7.537,2.486,3.219,"ABB09","SD0035802","SD00358","5637","Faecal","Sciurus carolinensis","Rodentia","Adult","Piobesi",2021-03-23,"Italy","Piedmont, Piobesi",4494,759,1,1,1,1,"0.058","3.03",544,"M",540,"breeding","Piobesi","rural","PIO","PR","0.2","0.188",7593432,44937589,3,2021,"spring-summer","0.7144",20820422,391181,"0.0298367157889243",3029920363,58439084,"0.0406172862631951",19413008948751,"0.781540398686881"
"EHI01474",0.343503833470271,0.168537535832851,0.306096619203972,0.256020684651561,1618,85.842,5.186,2.875,3.878,0.614073575704446,1618,85.842,5.186,2.875,3.878,"AAV84","SD0043001","SD00430","5799","Faecal","Sciurus vulgaris","Rodentia","Adult","Pineta",2021-01-29,"Italy","Lombardy, Pineta",4578,891,1,1,1,1,"0.22","3.483",90,"M",260,"nonbreeding","PIN","suburban","PINR","PIN","0.122","0.279",8910721,45778953,1,2021,"winter","0.6754",25027138,1555202,"0.0319251358534937",3483421244,220329228,"0.0449013826473863",179769376367938,"0.921822872964593"
"EHI01475",0.356835524769772,0.177703824049186,0.343734547561807,0.267269674409479,1634,213.119,6.536,4.648,5.881,0.64911753133956,1634,213.119,6.536,4.648,5.881,"AAU62","SD0043601","SD00436","5933","Faecal","Sciurus carolinensis","Rodentia","Adult","AddaNord",2020-11-11,"Italy","Lombardy, AddaNord",4556,953,1,1,1,1,"0.055","5.589",473,"F",550,"nonbreeding","C03-02","rural","AN","AN","0.13","0.146",9524899,45563423,11,2020,"autumn","0.7316",38046140,369919,"0.0295298249237026",5588756801,54698816,"0.0403222051496238",189279259371956,"0.904120975629594"
"EHI01476",0.386114332725641,0.211282330632386,0.389089810908941,0.298698331679014,1489,27.957,4.559,5.396,6.718,0.727093266994341,1489,27.957,4.559,5.396,6.718,"ACH48","SD0172201","SD01722","5797","Faecal","Sciurus vulgaris","Rodentia","Adult","Varese",2021-08-11,"Italy","Lombardy, Varese",4582,881,1,1,1,1,"0.128","6.337",139,"F",265,"nonbreeding","Palace","suburban","VAS","VA","0.37","0.561",8808913,45823564,8,2021,"spring-summer","0.7376",43475306,851871,"0.0292090897633739",6337228308,127780656,"0.0375882289209561",171648560649301,"0.973924537768638"
"EHI01478",0.284936593081265,0.131278539878132,0.232283806533528,0.208107566479699,606,7.153,1.274,7.483,14.634,0.493643068470573,606,7.153,1.274,7.483,14.634,"AAV76","SD0038503","SD00385","5668","Faecal","Sciurus vulgaris","Rodentia","Adult","Golasecca",2021-01-12,"Italy","Lombardy, Golasecca",4569,866,1,1,1,1,"5.488","8.641",295,"F",270,"nonbreeding","GS","rural","GS","GS","0.0635","0.0985",865614,45687981,1,2021,"winter","0.9054",94961782,36353430,"0.0266234004650595",8640822197,5487529086,"0.0345444774908391",151020556432629,"0.996077703255848"
"EHI01480",0.353743691201931,0.161091132448545,0.327594724162995,0.257417411825238,1665,159.911,6.677,20.56,26.785,0.624033065038142,1665,159.911,6.677,20.56,26.785,"AAB24","SD0044101","SD00441","5941","Faecal","Sciurus carolinensis","Rodentia","Adult","AddaNord",2020-11-10,"Italy","Lombardy, AddaNord",4557,953,1,1,1,1,"0.606","25.019",539,"M",530,"nonbreeding","C03-03","urban","AN2","AN","0.59","0.631",9529524,45573628,11,2020,"autumn","0.7421",172977692,4165312,"0.0313045465474848",25018898098,605861753,"0.0433221734558985",187383274104424,"0.972522363853154"
"EHI01482",0.339686093630002,0.166961705646601,0.343419020366226,0.253323899638302,1653,313.761,7.693,1.896,2.73,0.621120806065346,1653,313.761,7.693,1.896,2.73,"AAV05","SD0034102","SD00341","5604","Faecal","Sciurus carolinensis","Rodentia","Adult","Piobesi",2020-12-10,"Italy","Piedmont, Piobesi",4494,759,1,1,1,1,"0.203","2.416",542,"F",550,"nonbreeding","Piobesi","rural","PIO","PR","0.2","0.188",7593432,44937589,12,2020,"winter","0.7034",17716754,1373376,"0.026459331184704",2416450119,203365762,"0.04026915052209",196338864785633,"0.722471198653093"
"EHI01483",0.257421329829826,0.118345903788301,0.248309466507941,0.187883616809063,1500,31.125,4.509,1.623,5.926,0.458537055787441,1500,31.125,4.509,1.623,5.926,"ADV66","SD0172202","SD01722","5797","Faecal","Sciurus vulgaris","Rodentia","Adult","Varese",2021-09-27,"Italy","Lombardy, Varese",4582,881,1,1,1,1,"1.099","4.521",116,"F",325,"nonbreeding","Palace","suburban","VAS","VA","0.37","0.561",8808913,45823564,9,2021,"autumn","0.6294",37878748,7381218,"0.0412496969003601",4520936787,1099011941,"0.0516885534558084",20089234564791,"0.638330840772636"
"EHI01484",0.406500661271278,0.186136684751382,0.302330077910584,0.29631867301133,1495,70.61,4.675,0.917,1.8,0.693414038659521,1495,70.61,4.675,0.917,1.8,"ACH20","SD0170401","SD01704","5728","Faecal","Sciurus vulgaris","Rodentia","Adult","Golasecca",2021-06-01,"Italy","Lombardy, Golasecca",4569,866,1,1,1,1,"0.65","1.096",295,"M",295,"breeding","GS","rural","GS","GS","0.0635","0.0985",865614,45687981,6,2021,"spring-summer","0.6787",11805620,4385897,"0.0161315942598106",1095970756,649552723,"0.0301989490509328",179161858567942,"0.819810582369102"
"EHI01485",0.37728551079655,0.190716100772715,0.363506032645496,0.284000805784633,1587,127.81,6.341,0.691,2.608,0.689170289117764,1587,127.81,6.341,0.691,2.608,"ABC11","SD0045302","SD00453","5971","Faecal","Sciurus vulgaris","Rodentia","Adult","Calusco",2021-04-14,"Italy","Lombardy, Calusco",4568,946,1,1,1,1,"1.509","0.912",283,"F",300,"nonbreeding","C03-18","rural","CAL","CAL","0.047","0.227",9460459,45680513,4,2021,"spring-summer","0.6555",16720394,10280742,"0.0381635292860224",912091002,1509404618,"0.0713604791090628",187954776999246,"0.705393426084961"
"EHI01486",0.384828269287147,0.207041507577852,0.325143460215205,0.2959348884325,1405,26.045,4.965,3.007,4.253,0.700250930270067,1405,26.045,4.965,3.007,4.253,"AEM06","SD0172203","SD01722","5797","Faecal","Sciurus vulgaris","Rodentia","Adult","Varese",2021-12-16,"Italy","Lombardy, Varese",4582,881,1,1,1,1,"0.609","3.507",137,"F",335,"nonbreeding","Palace","suburban","VAS","VA","0.37","0.561",8808913,45823564,12,2021,"winter","0.7568",27666202,4050582,"0.0242622099294438",3506858483,609211455,"0.0322235086502607",169209022722314,"0.962096314103111"
"EHI01487",0.359663530641791,0.188535155271268,0.322179725429019,0.274099342956529,1571,103.802,5.084,3.597,4.385,0.655591927722732,1571,103.802,5.084,3.597,4.385,"ADW06","SD0170802","SD01708","5733","Faecal","Sciurus vulgaris","Rodentia","Adult","Pineta",2021-10-18,"Italy","Lombardy, Pineta",4574,891,1,1,1,1,"0.047","4.208",181,"F",355,"nonbreeding","Seminario","suburban","PINR","PIN","0.118","0.282",8907712,45735462,10,2021,"autumn","0.7927",28548872,316670,"0.0234916488647804",4207510286,46558917,"0.029936196653316",182626213555058,"0.936899575250323"
"EHI01491",0.353156211525661,0.183421529095834,0.347877901905541,0.268288870310747,1638,259.037,6.622,3.352,4.492,0.652537041256675,1638,259.037,6.622,3.352,4.492,"AAU87","SD0034002","SD00340","5601","Faecal","Sciurus carolinensis","Rodentia","Adult","RS",2020-12-09,"Italy","Piedmont, RS",4495,76,1,1,1,1,"0.059","4.092",278,"F",560,"nonbreeding","RS","suburban","RS","PR","0.2","0.224",7594981,44950145,12,2020,"winter","0.719",27957998,391726,"0.0664877284430705",4091704026,58623019,"0.0761424268213319",191912285159414,"0.851048418345882"
"EHI01492",0.239780684167532,0.149211487293111,0.270444016011213,0.194496085730322,419,8.854,2.559,1.745,4.67,0.479140176797714,419,8.854,2.559,1.745,4.67,"AAB06","SD0038501","SD00385","5668","Faecal","Sciurus vulgaris","Rodentia","Adult","Golasecca",2020-10-19,"Italy","Lombardy, Golasecca",4569,866,1,1,1,1,"1.135","3.307",295,"F",280,"nonbreeding","GS","rural","GS","GS","0.0635","0.0985",865614,45687981,10,2020,"autumn","0.6175",29890270,7598159,"0.0398700556645485",3307414206,1135336149,"0.0486050809527744",145653844738924,"0.99196184595033"
"EHI01493",0.351079268198154,0.180377032991518,0.351196980630636,0.265728150594836,1188,32.059,4.871,2.082,6.859,0.648521961399885,1188,32.059,4.871,2.082,6.859,"AEM26","SD0169503","SD01695","5791","Faecal","Sciurus vulgaris","Rodentia","Pregnant","Varese",2022-01-24,"Italy","Lombardy, Varese",4584,881,1,1,1,1,"3.75","2.878",135,"F",350,"pregnant","Villa Toeplitz","suburban","VAS","VA","0.504","0.424",881432,45844356,1,2022,"winter","0.7482",44550318,24968268,"0.0257889216524706",2877546651,3750090157,"0.0337940720397016",173421755328054,"0.925589602323784"
"EHI01494",0.35997691216634,0.172677709413654,0.366163305504097,0.266327310789997,1665,292.669,9.068,5.233,8.002,0.654709056748026,1665,292.669,9.068,5.233,8.002,"ABA48","SD0038002","SD00380","5663","Faecal","Sciurus carolinensis","Rodentia","Adult","Piobesi",2021-03-23,"Italy","Piedmont, Piobesi",4494,759,1,1,1,1,"1.27","6.378",578,"M",510,"nonbreeding","Piobesi","rural","PIO","PR","0.2","0.188",7593432,44937589,3,2021,"spring-summer","0.7258",51702220,8617600,"0.0308214415981395",6378451920,1269742653,"0.0442104561290826",195386178890183,"0.861603801283709"
"EHI01495",0.40394300784788,0.203693922562149,0.348777173004614,0.303818465205014,1579,48.832,3.144,3.798,4.889,0.723895988078233,1579,48.832,3.144,3.798,4.889,"ACH10","SD0038504","SD00385","5668","Faecal","Sciurus vulgaris","Rodentia","Pregnant","Golasecca",2021-05-31,"Italy","Lombardy, Golasecca",4569,866,1,1,1,1,"0.141","4.456",317,"F",305,"pregnant","GS","rural","GS","GS","0.0635","0.0985",865614,45687981,5,2021,"spring-summer","0.7154",31051634,978427,"0.0472453677083434",4456469691,140659102,"0.0596446008236685",176384619856297,"0.926280166466196"
"EHI01496",0.372659549941146,0.192589974649295,0.299951026368837,0.282624762295221,1631,101.698,7.077,2.419,3.561,0.66523320004672,1631,101.698,7.077,2.419,3.561,"ACH28","SD0032502","SD00325","4939","Faecal","Sciurus vulgaris","Rodentia","Adult","Golasecca",2021-06-01,"Italy","Lombardy, Golasecca",4569,866,1,1,1,1,"0.275","3.121",322,"M",330,"breeding","GS","rural","GS","GS","0.0635","0.0985",865614,45687981,6,2021,"spring-summer","0.6628",23025948,1879452,"0.0302049756923146",3120940750,275328933,"0.0463844124085748",1860369135057,"0.87026719304116"
"EHI01497",0.342579976648827,0.175632383498388,0.322088160745561,0.259106180073608,1640,160.946,8.369,4.227,5.436,0.625575080395735,1640,160.946,8.369,4.227,5.436,"ABB64","SD0044103","SD00441","5941","Faecal","Sciurus carolinensis","Rodentia","Adult","AddaNord",2021-03-30,"Italy","Lombardy, AddaNord",4557,953,1,1,1,1,"0.059","5.08",469,"M",530,"nonbreeding","C03-03","urban","AN2","AN","0.59","0.631",9529524,45573628,3,2021,"spring-summer","0.7216",34583652,404193,"0.0457813254458115",5079936726,58515074,"0.0548122436854299",188383179888509,"0.882650588829467"
"EHI01498",0.317307231589808,0.163870907611827,0.246867737194695,0.240589069600817,408,6.305,1.205,4.513,5.287,0.563467384933199,408,6.305,1.205,4.513,5.287,"AEL49","SD0169502","SD01695","5791","Faecal","Sciurus vulgaris","Rodentia","Adult","Varese",2021-10-25,"Italy","Lombardy, Varese",4584,881,1,1,1,1,"0.127","4.967",116,"F",355,"nonbreeding","Villa Toeplitz","suburban","VAS","VA","0.504","0.424",881432,45844356,10,2021,"autumn","0.8859",34304424,859104,"0.0267534520404816",4967002806,127318305,"0.0364643278511155",149988960893537,"0.995785072912108"
"EHI01499",0.339906737364494,0.177598184908905,0.335412117670009,0.258752461136699,1613,224.739,6.635,2.837,4.248,0.629308961496735,1613,224.739,6.635,2.837,4.248,"ABA33","SD0035603","SD00356","5635","Faecal","Sciurus carolinensis","Rodentia","Adult","RS",2021-03-23,"Italy","Piedmont, RS",4495,76,1,1,1,1,"0.572","3.491",277,"M",530,"breeding","RS","suburban","RS","PR","0.2","0.224",7594981,44950145,3,2021,"spring-summer","0.7225",27377420,3816910,"0.0332086344511879",3491143687,571582604,"0.0435405774230612",19081080041384,"0.838919585224984"
"EHI01500",0.251237901329286,0.123072612748324,0.257369687353364,0.187155257038805,1504,43.627,5.133,1.52,3.811,0.460100409862065,1504,43.627,5.133,1.52,3.811,"ACH57","SD0170801","SD01708","5733","Faecal","Sciurus vulgaris","Rodentia","Pregnant","Pineta",2021-07-02,"Italy","Lombardy, Pineta",4574,891,1,1,1,1,"1.559","1.962",150,"F",410,"pregnant","Seminario","suburban","PINR","PIN","0.118","0.282",8907712,45735462,7,2021,"spring-summer","0.673",24196212,10688254,"0.0476151265228834",1961901376,1559312703,"0.0760121115613037",177122873169362,"0.862308295965321"
"EHI01501",0.283314103587397,0.129844848633158,0.29654814891738,0.206579476110278,929,9.692,2.157,5.191,8.732,0.512008335193015,929,9.692,2.157,5.191,8.732,"AAW09","SD0041601","SD00416","5767","Faecal","Sciurus vulgaris","Rodentia","Adult","Pineta",2021-02-11,"Italy","Lombardy, Pineta",4578,891,1,1,1,1,"2.266","6.116",67,"M",325,"breeding","PIN","suburban","PINR","PIN","0.122","0.279",8910721,45778953,2,2021,"winter","0.8777",56496212,15179336,"0.0294826854286484",6115609193,2265649808,"0.0401531134656734",157445576105257,"0.992858324644765"
"EHI01502",0.353722917171075,0.181456777509924,0.351575270927139,0.267589847340499,1631,184.606,6.394,3.303,4.371,0.652371451656712,1631,184.606,6.394,3.303,4.371,"AAV31","SD0036302","SD00363","5642","Faecal","Sciurus carolinensis","Rodentia","Adult","RS",2020-12-11,"Italy","Piedmont, RS",4495,76,1,1,1,1,"0.025","3.965",280,"F",500,"nonbreeding","RS","suburban","RS","PR","0.2","0.224",7594981,44950145,12,2020,"winter","0.7619",26860592,165538,"0.078260480455229",3965215698,24941583,"0.087166891159855",189046279992814,"0.865829959381404"
"EHI01503",0.339207842055323,0.177374208151313,0.339982221696396,0.258291025103318,1643,189.606,6.632,5.347,7.148,0.629909457438768,1643,189.606,6.632,5.347,7.148,"AAU92","SD0035602","SD00356","5635","Faecal","Sciurus carolinensis","Rodentia","Adult","RS",2020-12-09,"Italy","Piedmont, RS",4495,76,1,1,1,1,"0.306","6.367",302,"M",530,"nonbreeding","RS","suburban","RS","PR","0.2","0.224",7594981,44950145,12,2020,"winter","0.7619",45244794,2089881,"0.0505111880489568",6367242869,305856304,"0.0664070646738188",18741454934635,"0.926878616266621"
"EHI01504",0.359596307503326,0.163088417664855,0.341423492436199,0.261342362584091,1556,59.378,3.902,1.502,3.98,0.636492555980248,1556,59.378,3.902,1.502,3.98,"ADV92","SD0170902","SD01709","5745","Faecal","Sciurus vulgaris","Rodentia","Adult","Pineta",2021-10-18,"Italy","Lombardy, Pineta",4574,891,1,1,1,1,"2.059","1.724",150,"F",380,"nonbreeding","Seminario","suburban","PINR","PIN","0.118","0.282",8907712,45735462,10,2021,"autumn","0.6912",25867982,13856473,"0.0251280321184886",1724222917,2059050301,"0.0494795182025722",172516130979796,"0.925515939292241"
"EHI01505",0.333019570071892,0.171987323930012,0.333627277702233,0.252503447000952,1639,240.159,6.849,3.222,4.227,0.616215986569316,1639,240.159,6.849,3.222,4.227,"AAV04","SD0034602","SD00346","5610","Faecal","Sciurus carolinensis","Rodentia","Juvenile","RS",2020-12-10,"Italy","Piedmont, RS",4495,76,1,1,1,1,"0.072","3.894",287,"M",425,"nonbreeding","RS","suburban","RS","PR","0.2","0.224",7594981,44950145,12,2020,"winter","0.7391",26697514,488276,"0.0525934139387628",3894340935,71847722,"0.0616871031005176",191381744610034,"0.858154703430738"
"EHI01506",0.372540534327139,0.195797260837824,0.333055299656772,0.284168897582481,1623,58.229,5.108,4.252,7.355,0.679356228383887,1623,58.229,5.108,4.252,7.355,"AEL96","SD0045603","SD00456","5976","Faecal","Sciurus vulgaris","Rodentia","Adult","Calusco",2021-11-17,"Italy","Lombardy, Calusco",4568,946,1,1,1,1,"0.002","7.036",338,"M",290,"breeding","C03-18","rural","CAL","CAL","0.047","0.227",9460459,45680513,11,2021,"autumn","0.6953",47370558,10447,"0.0338687327586759",7035690113,1974994,"0.0431034809644197",187834922979529,"0.919215707787765"
"EHI01507",0.333371127218494,0.174671753094825,0.359181061734271,0.254021440156659,1637,210.189,6.354,3.773,5.795,0.627769900891409,1637,210.189,6.354,3.773,5.795,"ABA36","SD0034603","SD00346","5610","Faecal","Sciurus carolinensis","Rodentia","Adult","RS",2021-03-23,"Italy","Piedmont, RS",4495,76,1,1,1,1,"0.966","4.518",285,"M",450,"nonbreeding","RS","suburban","RS","PR","0.2","0.224",7594981,44950145,3,2021,"spring-summer","0.7108",37206466,6604196,"0.0369890846670787",4518333787,966484072,"0.0535803701736604",187784914174907,"0.881577640260585"
"EHI01508",0.331125005801718,0.176328804290197,0.325243957953364,0.253726905045958,1626,217.691,6.152,3.354,5.669,0.615868462743037,1626,217.691,6.152,3.354,5.669,"ABB21","SD0034003","SD00340","5601","Faecal","Sciurus carolinensis","Rodentia","Adult","RS",2021-03-23,"Italy","Piedmont, RS",4495,76,1,1,1,1,"1.284","4.044",278,"F",540,"nonbreeding","RS","suburban","RS","PR","0.2","0.224",7594981,44950145,3,2021,"spring-summer","0.7099",36127598,8741419,"0.0440026188607617",4043798515,1284304049,"0.0600625967207929",18893996439026,"0.857218030192011"
"EHI01510",0.365516709618595,0.180165649193536,0.357900939357825,0.272841179406066,1653,256.677,6.764,5.195,7.028,0.664982671931407,1653,256.677,6.764,5.195,7.028,"AAU57","SD0043901","SD00439","5937","Faecal","Sciurus carolinensis","Rodentia","Nursing","AddaNord",2020-11-11,"Italy","Lombardy, AddaNord",4557,953,1,1,1,1,"0.071","6.634",480,"F",550,"lactating","C03-03","urban","AN2","AN","0.59","0.631",9529524,45573628,11,2020,"autumn","0.7152",45134082,485023,"0.036632940271863",6634217386,71054228,"0.0458595791006717",193611837429673,"0.871415524791451"
"EHI01511",0.361486795950217,0.181656027310643,0.357256582366711,0.27157141163043,1421,61.161,4.775,0.468,4.936,0.662228350716431,1421,61.161,4.775,0.468,4.936,"ACG52","SD0041602","SD00416","5767","Faecal","Sciurus vulgaris","Rodentia","Adult","Pineta",2021-04-28,"Italy","Lombardy, Pineta",4578,891,1,1,1,1,"0.32","4.13",67,"M",325,"breeding","PIN","suburban","PINR","PIN","0.122","0.279",8910721,45778953,4,2021,"spring-summer","0.0987",30261596,2152492,"0.0804009872313757",4130432723,320144562,"0.098362937734356",198064521084149,"0.674137161794585"
"EHI01512",0.359937055496164,0.198865790641566,0.344557849698102,0.279401423068865,1644,173.497,5.938,6.077,8.084,0.673655462703764,1644,173.497,5.938,6.077,8.084,"AAZ79","SD0044602","SD00446","5954","Faecal","Sciurus vulgaris","Rodentia","Juvenile","Calusco",2021-02-25,"Italy","Lombardy, Calusco",4568,946,1,1,1,1,"0.436","7.27",332,"F",210,"nonbreeding","C03-18","rural","CAL","CAL","0.047","0.227",9460459,45680513,2,2021,"winter","0.7531",52042974,2951751,"0.0343190163412683",7270340006,435914912,"0.0467129684608751",188622182343178,"0.922053154582508"
"EHI01513",0.348156306500062,0.184443614916867,0.358332496351828,0.266299960708464,1638,270.041,7.148,3.829,5.071,0.652044086867538,1638,270.041,7.148,3.829,5.071,"ABA80","SD0044004","SD00440","5939","Faecal","Sciurus carolinensis","Rodentia","Adult","AddaNord",2021-03-31,"Italy","Lombardy, AddaNord",4556,953,1,1,1,1,"0.14","4.734",471,"M",510,"breeding","C03-02","rural","AN","AN","0.13","0.146",9524899,45563423,3,2021,"spring-summer","0.6861",32844942,942945,"0.0283963752213512",4733769631,140443599,"0.0387554462800704",191229850949506,"0.863225911902866"
"EHI01514",0.333786798262738,0.172632838638548,0.329038395227038,0.253209818450643,1621,159.47,5.467,4.647,5.914,0.616099101976966,1621,159.47,5.467,4.647,5.914,"AAU49","SD0043902","SD00439","5937","Faecal","Sciurus carolinensis","Rodentia","Adult","AddaNord",2021-01-12,"Italy","Lombardy, AddaNord",4557,953,1,1,1,1,"0.051","5.566",466,"F",510,"nonbreeding","C03-03","urban","AN2","AN","0.59","0.631",9529524,45573628,1,2021,"winter","0.7488",37750280,343846,"0.0424661465465903",5566217953,51428097,"0.0500580358443565",185137833880393,"0.910689194740065"
"EHI01515",0.371288811075904,0.19798323722025,0.36305897200359,0.284636024148077,1644,86.045,6.299,3.741,5.397,0.690291705630684,1644,86.045,6.299,3.741,5.397,"ACH54","SD0170301","SD01703","5777","Faecal","Sciurus vulgaris","Rodentia","Adult","Golasecca",2021-05-31,"Italy","Lombardy, Golasecca",4569,866,1,1,1,1,"0.679","4.466",329,"M",NA,"breeding","GS","rural","GS","GS","0.0635","0.0985",865614,45687981,5,2021,"spring-summer","0.7326",34881540,4620339,"0.0304772476286376",4466059796,678665521,"0.0466918892662671",18372901985617,"0.906307803178331"
"EHI01516",0.338383071405114,0.195077938027131,0.350707552350877,0.266730504716123,1550,59.797,4.816,2.001,3.996,0.650363526882537,1550,59.797,4.816,2.001,3.996,"AEL11","SD0031103","SD00311","4910","Faecal","Sciurus vulgaris","Rodentia","Adult","Pineta",2021-10-20,"Italy","Lombardy, Pineta",4576,89,1,1,1,1,"1.357","2.452",165,"M",345,"nonbreeding","PIN-CAPR","suburban","PINS","PIN","0.464","0.416",8904471,45757363,10,2021,"autumn","0.6857",25945184,9238454,"0.0261202128114",2452080014,1356854283,"0.0468509499161207",177671118327338,"0.877793591423322"
"EHI01517",0.387391357966069,0.18830702689206,0.35855618284441,0.287849192429064,1655,101.152,7.167,4.873,7.109,0.695217112472932,1655,101.152,7.167,4.873,7.109,"ABA17","SD0040101","SD00401","5718","Faecal","Sciurus vulgaris","Rodentia","Adult","Pineta",2021-03-04,"Italy","Lombardy, Pineta",4576,89,1,1,1,1,"0.731","5.983",191,"M",320,"breeding","PIN-CAPR","suburban","PINS","PIN","0.464","0.416",8904471,45757363,3,2021,"spring-summer","0.7297",45432642,4987218,"0.0413355126788508",5982903807,731475950,"0.0554753668923902",185912369891201,"0.919040643562267"
"EHI01518",0.386671308768456,0.176946488852797,0.302854824841269,0.281808898810627,485,5.963,1.431,1.438,5.705,0.664569405901677,485,5.963,1.431,1.438,5.705,"AAV99","SD0040201","SD00402","5719","Faecal","Sciurus vulgaris","Rodentia","Adult","Golasecca",2021-01-15,"Italy","Lombardy, Golasecca",4569,866,1,1,1,1,"3.479","1.998",295,"F",320,"nonbreeding","GS","rural","GS","GS","0.0635","0.0985",865614,45687981,1,2021,"winter","0.7089",37042242,23378696,"0.0260334647687879",1998437469,3478963343,"0.0398700145388486",142180017306918,"0.98492458375769"
"EHI01519",0.357273016604385,0.187514550266201,0.355175070923836,0.272393783435293,1634,82.495,4.482,3.514,4.867,0.663179257178531,1634,82.495,4.482,3.514,4.867,"ABC05","SD0046602","SD00466","5992","Faecal","Sciurus vulgaris","Rodentia","Pregnant","Calusco",2021-04-13,"Italy","Lombardy, Calusco",4568,946,1,1,1,1,"0.323","4.254",313,"F",290,"pregnant","C03-18","rural","CAL","CAL","0.047","0.227",9460459,45680513,4,2021,"spring-summer","0.7871",31010828,2285785,"0.0443219384787811",4254087826,322613761,"0.0597148194333399",182631011889004,"0.911233271255605"
"EHI01520",0.328356087324943,0.165536279008643,0.34417446346448,0.246946183166793,1643,147.935,5.823,2.61,3.38,0.608617187488412,1643,147.935,5.823,2.61,3.38,"AEL88","SD0045303","SD00453","5971","Faecal","Sciurus vulgaris","Rodentia","Adult","Calusco",2021-11-17,"Italy","Lombardy, Calusco",4568,946,1,1,1,1,"0.025","3.203",320,"F",320,"nonbreeding","C03-18","rural","CAL","CAL","0.047","0.227",9460459,45680513,11,2021,"autumn","0.7309",21863612,174912,"0.0296200165283534",3203396216,24675246,"0.0448495177159035",190195976343335,"0.842088035064284"
"EHI01521",0.364679697833741,0.187871729553163,0.317941426634445,0.276275713693452,1590,107.672,6.262,1.287,3.288,0.65853190293172,1590,107.672,6.262,1.287,3.288,"AAZ47","SD0046601","SD00466","5992","Faecal","Sciurus vulgaris","Rodentia","Pregnant","Calusco",2021-02-23,"Italy","Lombardy, Calusco",4568,946,1,1,1,1,"1.578","1.55",298,"F",305,"pregnant","C03-18","rural","CAL","CAL","0.047","0.227",9460459,45680513,2,2021,"winter","0.7206",21323862,10799238,"0.0271129018968136",1549516473,1578421690,"0.0485992695421741",184892383456026,"0.812095644181028"
"EHI01522",0.27253939310499,0.12229250479141,0.285971231796575,0.1974159489482,1289,5.208,2.252,2.754,7.45,0.490155641828592,1289,5.208,2.252,2.754,7.45,"AEL13","SD0043003","SD00430","5799","Faecal","Sciurus vulgaris","Rodentia","Adult","Pineta",2021-10-20,"Italy","Lombardy, Pineta",4578,891,1,1,1,1,"3.167","3.953",67,"M",295,"nonbreeding","PIN","suburban","PINR","PIN","0.122","0.279",8910721,45778953,10,2021,"autumn","0.9149",48056350,21305012,"0.03246509371849",3952797002,3167358732,"0.0443164866792913",155528494967224,"0.954414418440309"
"EHI01523",0.355331482957773,0.163370783924038,0.354292524712272,0.259351133440905,1654,257.405,8.363,4.166,6.038,0.636799775119235,1654,257.405,8.363,4.166,6.038,"ABA43","SD0034203","SD00342","5605","Faecal","Sciurus carolinensis","Rodentia","Adult","Piobesi",2021-03-23,"Italy","Piedmont, Piobesi",4494,759,1,1,1,1,"0.776","5.038",568,"M",530,"breeding","Piobesi","rural","PIO","PR","0.2","0.188",7593432,44937589,3,2021,"spring-summer","0.7063",39176480,5221777,"0.0267734870867968",5038484038,776017555,"0.0370366591241046",19146288701022,"0.866913989857001"
"EHI01524",0.384372141338243,0.154819147909865,0.383688409073099,0.269595644624054,434,5.994,2.341,3.083,5.984,0.667087425605808,434,5.994,2.341,3.083,5.984,"ADW11","SD0041603","SD00416","5767","Faecal","Sciurus vulgaris","Rodentia","Adult","Pineta",2021-10-20,"Italy","Lombardy, Pineta",4578,891,1,1,1,1,"1.362","4.414",67,"M",350,"nonbreeding","PIN","suburban","PINR","PIN","0.122","0.279",8910721,45778953,10,2021,"autumn","0.8288",38879018,9101495,"0.0253750320245587",4414124210,1362065227,"0.0346775313690267",15650110700091,"0.969222381221733"
"EHI01525",0.295282712701685,0.152099251932454,0.368119669541385,0.22369098231707,852,8.14,3.205,3.749,4.949,0.570088521147934,852,8.14,3.205,3.749,4.949,"ADV95","SD0040102","SD00401","5718","Faecal","Sciurus vulgaris","Rodentia","Adult","Pineta",2021-10-18,"Italy","Lombardy, Pineta",4576,89,1,1,1,1,"0.248","4.501",150,"M",335,"nonbreeding","PIN-CAPR","suburban","PINS","PIN","0.464","0.416",8904471,45757363,10,2021,"autumn","0.8108",32050036,1649498,"0.0286595128404098",4500840295,247831469,"0.0405466534463486",156990788362726,"0.99260219563776"
"EHI01526",0.34335947537545,0.184382542915625,0.335978745555879,0.263871009145537,1598,171.541,5.54,3.865,4.97,0.639734933476367,1598,171.541,5.54,3.865,4.97,"AAA66","SD0036301","SD00363","5642","Faecal","Sciurus carolinensis","Rodentia","Adult","RS",2020-10-12,"Italy","Piedmont, RS",4495,76,1,1,1,1,"0.174","4.599",289,"F",495,"nonbreeding","RS","suburban","RS","PR","0.2","0.224",7594981,44950145,10,2020,"autumn","0.766",32147464,1170735,"0.0297114620187336",4598882145,173574448,"0.0397044631159655",186855982321568,"0.899948938063171"
"EHI01527",0.382159737921669,0.178320272032143,0.309627559369907,0.280240004976906,1609,113.188,4.951,2.78,3.518,0.663689196410449,1609,113.188,4.951,2.78,3.518,"ABB06","SD0034403","SD00344","5608","Faecal","Sciurus carolinensis","Rodentia","Adult","Piobesi",2021-03-23,"Italy","Piedmont, Piobesi",4494,759,1,1,1,1,"0.068","3.245",539,"F",610,"nonbreeding","Piobesi","rural","PIO","PR","0.2","0.188",7593432,44937589,3,2021,"spring-summer","0.6692",22779960,464206,"0.0286703087187952",3245114745,67622433,"0.058306809902941",179398310609653,"0.876655301676875"
"EHI01528",0.332395977178095,0.166350676752768,0.34634460979458,0.249373326965432,1523,17.898,3.559,2.729,7.654,0.614194857195724,1523,17.898,3.559,2.729,7.654,"AEM07","SD0170803","SD01708","5733","Faecal","Sciurus vulgaris","Rodentia","Adult","Pineta",2021-12-10,"Italy","Lombardy, Pineta",4574,891,1,1,1,1,"4.113","3.199",162,"F",370,"nonbreeding","Seminario","suburban","PINR","PIN","0.118","0.282",8907712,45735462,12,2021,"winter","0.6934",49492870,27465066,"0.0300549510893052",3198798717,4112727931,"0.0447406434898322",163987349907127,"0.936816798809353"
"EHI01529",0.337461961849784,0.162606064922507,0.364086554788392,0.250034013386146,1640,209.948,6.979,3.122,4.551,0.621430211701755,1640,209.948,6.979,3.122,4.551,"ABA78","SD0043904","SD00439","5937","Faecal","Sciurus carolinensis","Rodentia","Pregnant","AddaNord",2021-03-29,"Italy","Lombardy, AddaNord",4557,953,1,1,1,1,"0.63","3.72",460,"F",580,"pregnant","C03-03","urban","AN2","AN","0.59","0.631",9529524,45573628,3,2021,"spring-summer","0.7322",29301550,4169845,"0.0342196442780739",3720487508,629509565,"0.0441593884848464",189826075769001,"0.862836631490706"
"EHI01530",0.326601254095961,0.166735742696916,0.28325168185197,0.246668498396438,1569,67.233,6.617,2.017,5.974,0.587754224076867,1569,67.233,6.617,2.017,5.974,"ADV31","SD0170302","SD01703","5777","Faecal","Sciurus vulgaris","Rodentia","Adult","Golasecca",2021-09-06,"Italy","Lombardy, Golasecca",4569,866,1,1,1,1,"2.897","2.86",311,"M",360,"nonbreeding","GS","rural","GS","GS","0.0635","0.0985",865614,45687981,9,2021,"autumn","0.7164",38590460,19106096,"0.0309817968371462",2860012170,2897393046,"0.0361986775507449",185385916245812,"0.83778573203036"
"EHI01549",0.361134948158459,0.166313335824131,0.35255546520567,0.263724141991295,1641,219.332,5.992,4.748,6.341,0.64496677238448,1641,219.332,5.992,4.748,6.341,"AAB39","SD0044001","SD00440","5939","Faecal","Sciurus carolinensis","Rodentia","Adult","AddaNord",2020-11-11,"Italy","Lombardy, AddaNord",4556,953,1,1,1,1,"0.454","5.616",462,"M",580,"breeding","C03-02","rural","AN","AN","0.13","0.146",9524899,45563423,11,2020,"autumn","0.7739",40801042,3021353,"0.0348101953044809",5616181142,453750722,"0.0427309266057032",187524641259123,"0.915925818857137"
"EHI01550",0.363953115046225,0.184959005376747,0.35876478109396,0.274456060211486,1641,209.93,7.126,1.686,6.448,0.668500380787626,1641,209.93,7.126,1.686,6.448,"ACG85","SD0042003","SD00420","5771","Faecal","Sciurus carolinensis","Rodentia","Adult","commande",2021-05-05,"Italy","Piedmont, commande",4484,777,1,1,1,1,"1.481","4.678",242,"F",530,"nonbreeding","commande","suburban","COM","COM","0.2","0.2",7766891,44838837,5,2021,"spring-summer","0.3549",41579710,9912005,"0.0327339716061938",4678483400,1480843374,"0.0447732726263821",186946423160878,"0.839653724833769"
"EHI01551",0.334107856575594,0.169856331350498,0.340895903949662,0.251982093963046,1577,198.711,5.094,3.104,4.008,0.617596155909312,1577,198.711,5.094,3.104,4.008,"AAA54","SD0034601","SD00346","5610","Faecal","Sciurus carolinensis","Rodentia","Juvenile","RS",2020-10-12,"Italy","Piedmont, RS",4495,76,1,1,1,1,"0.12","3.655",268,"M",335,"nonbreeding","RS","suburban","RS","PR","0.2","0.224",7594981,44950145,10,2020,"autumn","0.7317",25771154,879508,"0.0355228317488223",3655412429,120351562,"0.0579549620932911",187248810017879,"0.889566322617312"
"EHI01552",0.361904140431732,0.17044851946068,0.287361054275675,0.266176329946206,1563,110.176,5.501,3.323,5.096,0.628139677984304,1563,110.176,5.501,3.323,5.096,"ACG51","SD0171101","SD01711","5748","Faecal","Sciurus vulgaris","Rodentia","Adult","Varese",2021-07-14,"Italy","Lombardy, Varese",458,885,1,1,1,1,"0.691","4.074",139,"M",300,"nonbreeding","ASL","urban","VAS","VA","0.59","0.651",8848748,45799523,7,2021,"spring-summer","0.7009",32134216,4624145,"0.0542113331056832",4074082206,690911399,"0.0650304648409875",184519483853846,"0.916884332300763"
"EHI01553",0.387103788690913,0.180509861067167,0.319242107476664,0.28380682487904,1548,42.677,5.412,3.662,4.56,0.674027685583635,1548,42.677,5.412,3.662,4.56,"ACH53","SD0170901","SD01709","5745","Faecal","Sciurus vulgaris","Rodentia","Pregnant","Pineta",2021-07-02,"Italy","Lombardy, Pineta",4574,891,1,1,1,1,"0.101","4.251",172,"F",385,"lactating","Seminario","suburban","PINR","PIN","0.118","0.282",8907712,45735462,7,2021,"spring-summer","0.7051",29574628,692657,"0.0270765293628213",4250751983,101359948,"0.0455170234634918",177104629738873,"0.935418692834944"
"EHI01554",0.33911621675007,0.180868918763903,0.351426531017538,0.259992567756986,1603,79.614,5.057,2.13,3.633,0.637127312519819,1603,79.614,5.057,2.13,3.633,"AAV49","SD0045301","SD00453","5971","Faecal","Sciurus vulgaris","Rodentia","Adult","Calusco",2021-02-22,"Italy","Lombardy, Calusco",4568,946,1,1,1,1,"0.87","2.512",301,"F",270,"nonbreeding","C03-18","rural","CAL","CAL","0.047","0.227",9460459,45680513,2,2021,"winter","0.7388",23035728,5904427,"0.048856942612893",2512154268,870101896,"0.0689797261328581",1818333557117,"0.880800600918858"
"EHI01556",0.350001872209814,0.177027791645653,0.344184308525002,0.263514831927734,1655,257.043,7.335,6.209,8.062,0.641757766697135,1655,257.043,7.335,6.209,8.062,"AAV32","SD0039102","SD00391","5675","Faecal","Sciurus carolinensis","Rodentia","Adult","commande",2020-12-21,"Italy","Piedmont, commande",4484,777,1,1,1,1,"0.047","7.5",280,"F",565,"nonbreeding","commande","suburban","COM","COM","0.2","0.2",7766891,44838837,12,2020,"winter","0.728",51025578,324741,"0.0506254191201745",7499677064,47402450,"0.063867478323588",190709338599863,"0.917031787549775"
"EHI01557",0.338552788645095,0.176599922926293,0.327001555143485,0.257576355785694,1604,171.773,4.677,3.836,5.014,0.624153229952549,1604,171.773,4.677,3.836,5.014,"AAA80","SD0034001","SD00340","5601","Faecal","Sciurus carolinensis","Rodentia","Adult","RS",2020-10-13,"Italy","Piedmont, RS",4495,76,1,1,1,1,"0.075","4.654",277,"F",525,"nonbreeding","RS","suburban","RS","PR","0.2","0.224",7594981,44950145,10,2020,"autumn","0.7578",32013626,529813,"0.0422914600741502",4654266459,75416642,"0.056722930631543",187114712307478,"0.892440226346709"
"EHI01558",0.361552919457858,0.185946515635012,0.3076684125922,0.273749717546435,1572,112.241,5.005,3.6,7.139,0.650055572623604,1572,112.241,5.005,3.6,7.139,"ACG53","SD0043002","SD00430","5799","Faecal","Sciurus vulgaris","Rodentia","Adult","Pineta",2021-04-28,"Italy","Lombardy, Pineta",4578,891,1,1,1,1,"2.288","4.581",86,"M",280,"breeding","PIN","suburban","PINR","PIN","0.122","0.279",8910721,45778953,4,2021,"spring-summer","0.7084",46069262,15363484,"0.0320184514064218",4581399008,2288170052,"0.0377363983141541",179972703142064,"0.967682028228191"
"EHI01559",0.332658889211003,0.133798743499602,0.265642016162462,0.233228816355302,1567,96.971,5.673,1.879,3.566,0.555004971431426,1567,96.971,5.673,1.879,3.566,"ABC03","SD0045602","SD00456","5976","Faecal","Sciurus vulgaris","Rodentia","Adult","Calusco",2021-04-14,"Italy","Lombardy, Calusco",4568,946,1,1,1,1,"0.446","2.883",283,"M",260,"breeding","C03-18","rural","CAL","CAL","0.047","0.227",9460459,45680513,4,2021,"spring-summer","0.7299",22463660,3022221,"0.0551264498354312",2883026351,446273691,"0.0664128789201202",179755068160972,"0.940669774536355"
"EHI01728",0.360899309230644,0.180871732376164,0.367804081899871,0.270885520803404,1616,124.696,6.043,2.261,3.078,0.664372402240098,1616,124.696,6.043,2.261,3.078,"ABB91","SD0039201","SD00392","5696","Faecal","Sciurus vulgaris","Rodentia","Nursing","Gallarate",2021-04-13,"Italy","Lombardy, Gallarate",4566,878,1,1,1,1,"0.17","2.781",20,"F",365,"lactating","Bassetti","urban","GAL","GAL","0.806","0.844",8781401,45661555,4,2021,"spring-summer","0.6894",19868002,1127118,"0.0316746840563605",2780894049,169658482,"0.0413078235751871",182282190184216,"0.881725640457412"
"EHI01770",0.406918000046819,0.212927744041136,0.379255985375905,0.309922872043977,1554,47.565,3.453,1.018,1.44,0.746264405879923,1554,47.565,3.453,1.018,1.44,"ABC40","SD0031401","SD00314","4917","Faecal","Sciurus vulgaris","Rodentia","Nursing","Gallarate",2021-04-14,"Italy","Lombardy, Gallarate",4566,878,1,1,1,1,"0.051","1.304",0,"F",355,"lactating","Ponti","urban","GAL","GAL","0.8","0.779",8787173,45672497,4,2021,"spring-summer","0.7591",9172688,385007,"0.0448248845066223",1303585564,51362337,"0.0593724051043818",175836597761718,"0.867868201886603"
"EHI01771",0.363222623684409,0.177777729813371,0.344419271059953,0.27050017674889,1451,97.789,5.495,0.499,4.393,0.655806777184432,1451,97.789,5.495,0.499,4.393,"ABB94","SD0033101","SD00331","4949","Faecal","Sciurus vulgaris","Rodentia","Nursing","Gallarate",2021-04-13,"Italy","Lombardy, Gallarate",4566,878,1,1,1,1,"0.08","3.988",0,"F",340,"lactating","Ponti","urban","GAL","GAL","0.8","0.779",8787173,45672497,4,2021,"spring-summer","0.1187",27493266,551425,"0.061333237372403",3988361968,79711632,"0.0740604199242113",18589094948987,"0.783214838202395"
"EHI01831",0.34464765774526,0.193981367788518,0.364684216142326,0.269314512766889,1594,66.284,3.099,2.665,4.249,0.660190430914553,1594,66.284,3.099,2.665,4.249,"ABC08","SD0044603","SD00446","5954","Faecal","Sciurus vulgaris","Rodentia","Adult","Calusco",2021-04-13,"Italy","Lombardy, Calusco",4568,946,1,2,1,1,"0.631","3.228",0,"F",250,"nonbreeding","C03-18","rural","CAL","CAL","0.047","0.227",9460459,45680513,4,2021,"spring-summer","0.7903",26733570,4676223,"0.0563205723588623",3228004361,630770797,"0.0919165846543551",179505664678819,"0.922900544421555"
"EHI01996",0.349348397731682,0.175147333772632,0.327750335693144,0.262247865752157,1655,185.157,6.121,2.074,4.078,0.633745843402028,1655,185.157,6.121,2.074,4.078,"ABA24","SD0030301","SD00303","4669","Faecal","Sciurus vulgaris","Rodentia","Adult","Pineta",2021-03-09,"Italy","Lombardy, Pineta",4576,89,1,1,1,1,"0.492","3.132",0,"F",365,"nonbreeding","PIN-CAPR","suburban","PINS","PIN","0.464","0.416",8904471,45757363,3,2021,"spring-summer","0.67",25387282,3861786,"0.0662175252402053",3131665228,492029972,"0.111433545969674",192302354623268,"0.770765381585551"
"EHI01997",0.368702252383495,0.196781084715339,0.339161792515634,0.282741668549417,1652,169.934,5.786,3.488,5.953,0.678537267937379,1652,169.934,5.786,3.488,5.953,"ADU68","SD0172401","SD01724","5750","Faecal","Sciurus vulgaris","Rodentia","Adult","Varese",2021-08-26,"Italy","Lombardy, Varese",4582,881,1,1,1,1,"0.62","4.972",0,"M",315,"nonbreeding","Palace","suburban","VAS","VA","0.37","0.561",8808913,45823564,8,2021,"spring-summer","0.6609",38272072,4215843,"0.0356087786247039",4971548164,619726542,"0.0607291494845746",189924668502867,"0.836001015223701"
"EHI01998",0.299799672715358,0.157592500370658,0.30864313081738,0.228696086543008,1502,72.676,3.933,2.564,3.896,0.560273216691809,1502,72.676,3.933,2.564,3.896,"AEM33","SD0177902","SD01779","5829","Faecal","Sciurus vulgaris","Rodentia","Adult","Varese",2022-01-25,"Italy","Lombardy, Varese",4583,883,1,1,1,1,"0.037","3.638",0,"F",310,"nonbreeding","Ville Ponti","urban","VAU","VA","0.842","0.876",8831966,45825571,1,2022,"winter","0.7026",25145474,254125,"0.0318583257151446",3638135289,37134186,"0.0566409570765375",176689883154842,"0.911934070608864"
"EHI01999",0.383439451130933,0.174742624658314,0.366310481902112,0.279091037894623,1509,14.604,3.865,2.749,5.033,0.680285569756617,1509,14.604,3.865,2.749,5.033,"AEM16","SD0169103","SD01691","5702","Faecal","Sciurus vulgaris","Rodentia","Adult","Varese",2021-12-21,"Italy","Lombardy, Varese",4583,88,1,1,1,1,"0.898","3.675",0,"M",345,"breeding","Villa Baragiola","urban","VAU","VA","0.723","0.714",8798065,45832156,12,2021,"winter","0.7856",31587782,6331513,"0.0584930013607058",3674904988,897565494,"0.0914181185888926",162472592795148,"0.918082341748026"
"EHI02000",0.352214275404076,0.165537848278109,0.308668816125168,0.258876061841093,1618,191.999,4.812,1.844,2.739,0.620641729057241,1618,191.999,4.812,1.844,2.739,"AAZ62","SD0030001","SD00300","4389","Faecal","Sciurus carolinensis","Rodentia","Adult","Torino",2021-02-23,"Italy","Piedmont, Torino",4506,769,1,1,1,1,"0.206","2.208",0,"M",620,"nonbreeding","TO","urban","TO","TO","0.576","0.71",7687153,45056009,2,2021,"winter","0.6648",16612282,1384757,"0.0903550358715567",2207615419,206114307,"0.118869966200097",191371920516721,"0.715588092114422"
"EHI02001",0.349656973305481,0.17556108971128,0.330339705462103,0.262609031508381,1607,224.84,5.113,2.788,3.989,0.635331298170796,1607,224.84,5.113,2.788,3.989,"ABB49","SD0036102","SD00361","5640","Faecal","Sciurus carolinensis","Rodentia","Adult","RS",2021-03-25,"Italy","Piedmont, RS",4495,76,1,1,1,1,"0.12","3.301",0,"M",440,"nonbreeding","RS","suburban","RS","PR","0.2","0.224",7594981,44950145,3,2021,"spring-summer","0.6753",23661504,860579,"0.110185435195457",3300896153,119611674,"0.142455840650834",193368565446777,"0.770175203982632"
"EHI02002",0.363114557262949,0.17546201856332,0.343530185041528,0.269288287913135,1650,215.874,6.401,3.707,5.574,0.653086637506778,1650,215.874,6.401,3.707,5.574,"AAV53","SD0043801","SD00438","5936","Faecal","Sciurus carolinensis","Rodentia","Adult","AddaNord",2021-01-12,"Italy","Lombardy, AddaNord",4556,952,1,1,1,1,"0.242","4.762",0,"F",510,"nonbreeding","C03-01","rural","AN","AN","0.13","0.146",9524899,45563423,1,2021,"winter","0.6172",35282456,1755331,"0.0505024855027366",4762269560,242427677,"0.102113226406759",192290533758151,"0.800015557847243"
"EHI02003",0.368127277794568,0.176813964898776,0.347311459527305,0.272470621346672,1654,228.924,7.501,3.377,4.897,0.660711729202446,1654,228.924,7.501,3.377,4.897,"AAA74","SD0046301","SD00463","5985","Faecal","Sciurus carolinensis","Rodentia","Adult","AddaNord",2020-11-10,"Italy","Lombardy, AddaNord",4556,953,1,1,1,1,"0.515","4.071",0,"F",630,"nonbreeding","C03-02","rural","AN","AN","0.13","0.146",9524899,45563423,11,2020,"autumn","0.6858",31370794,3463016,"0.0391381560005636",4070643032,514715809,"0.0636946472436797",192729985181846,"0.790965273363592"
"EHI02004",0.369710273811608,0.185544884573543,0.357787621178172,0.277627579192576,1654,133.887,7.869,4.186,6.96,0.674517698777875,1654,133.887,7.869,4.186,6.96,"ABB81","SD0029902","SD00299","4388","Faecal","Sciurus carolinensis","Rodentia","Adult","Torino",2021-04-08,"Italy","Piedmont, Torino",4506,769,1,1,1,1,"1.357","5.22",0,"M",640,"breeding","TO","urban","TO","TO","0.576","0.71",7687153,45056009,4,2021,"spring-summer","0.6639",45053134,9155200,"0.0289764313087948",5220439933,1357285747,"0.0548749744149676",187871530766938,"0.821468215122684"
"EHI02005",0.377707805602064,0.183439764213308,0.342667898238794,0.280573784907686,1635,120.804,7.364,2.447,5.75,0.675370202561637,1635,120.804,7.364,2.447,5.75,"AAV68","SD0040601","SD00406","5754","Faecal","Sciurus vulgaris","Rodentia","Adult","Pineta",2021-01-29,"Italy","Lombardy, Pineta",4578,891,1,1,1,1,"1.928","3.536",0,"M",280,"nonbreeding","PIN","suburban","PINR","PIN","0.122","0.279",8910721,45778953,1,2021,"winter","0.7133",37312178,13027675,"0.0266577430139313",3535618721,1927549730,"0.0499022043345697",190388227743558,"0.831965490904353"
"EHI02006",0.344325775669354,0.184174020156264,0.343136234334464,0.264249897912809,1657,253.837,8.72,4.66,6.23,0.642878540603773,1657,253.837,8.72,4.66,6.23,"AAV58","SD0046302","SD00463","5985","Faecal","Sciurus carolinensis","Rodentia","Adult","AddaNord",2021-01-13,"Italy","Lombardy, AddaNord",4556,952,1,1,1,1,"0.055","5.841",0,"F",540,"nonbreeding","C03-02","rural","AN","AN","0.13","0.146",9524899,45563423,1,2021,"winter","0.6667",40407086,376991,"0.0270974231993203",5841418257,55147896,"0.0535019188582631",195458803636712,"0.811937173754245"
"EHI02007",0.360381223839881,0.197854877701673,0.383090428159187,0.279118050770777,1611,92.127,5.303,2.255,4.42,0.685932910927949,1611,92.127,5.303,2.255,4.42,"ACH02","SD0169101","SD01691","5702","Faecal","Sciurus vulgaris","Rodentia","Adult","Varese",2021-05-12,"Italy","Lombardy, Varese",4583,88,1,1,1,1,"1.111","2.951",0,"M",340,"nonbreeding","Villa Baragiola","urban","VAU","VA","0.723","0.714",8798065,45832156,5,2021,"spring-summer","0.6847",28392496,7896729,"0.0363727630048544",2950752742,1110635435,"0.0810566596264822",182868040727568,"0.855400053172592"
"EHI02008",0.34646596226336,0.183672382193394,0.345545552336342,0.265069172228377,1520,201.006,3.932,2.511,3.412,0.645320195235535,1520,201.006,3.932,2.511,3.412,"ABB14","SD0036402","SD00364","5644","Faecal","Sciurus carolinensis","Rodentia","Adult","RS",2021-03-23,"Italy","Piedmont, RS",4495,76,1,1,1,1,"0.037","3.094",0,"M",470,"nonbreeding","RS","suburban","RS","PR","0.2","0.224",7594981,44950145,3,2021,"spring-summer","0.6704",21436048,285653,"0.0576655849216984",3093839848,37243981,"0.0823781048441256",191541143307112,"0.767664131883159"
"EHI02009",0.347231065684144,0.176785012112629,0.373347621904085,0.262008038898387,1488,41.341,3.981,2.823,4.263,0.648465285098135,1488,41.341,3.981,2.823,4.263,"ACG56","SD0169201","SD01692","5779","Faecal","Sciurus vulgaris","Rodentia","Adult","Varese",2021-05-12,"Italy","Lombardy, Varese",4583,88,1,1,1,1,"0.273","3.748",0,"F",360,"lactating","Villa Baragiola","urban","VAU","VA","0.723","0.714",8798065,45832156,5,2021,"spring-summer","0.6609",27472792,1854914,"0.0332465349439702",3747872446,272625900,"0.0568048302122487",169956644325187,"0.915335917592854"
"EHI02011",0.388124855461457,0.184578875962585,0.350361499906787,0.286351865712021,1614,94.921,6.741,1.648,5.649,0.689490898059637,1614,94.921,6.741,1.648,5.649,"ACG49","SD0040602","SD00406","5754","Faecal","Sciurus vulgaris","Rodentia","Adult","Pineta",2021-04-28,"Italy","Lombardy, Pineta",4578,891,1,1,1,1,"3.085","2.213",0,"M",300,"breeding","PIN","suburban","PINR","PIN","0.122","0.279",8910721,45778953,4,2021,"spring-summer","0.6589",36454294,20969332,"0.032097546702762",2212910782,3084715614,"0.0622804572138826",185186008375679,"0.799679497025373"
"EHI02012",0.371074449951201,0.180989337258083,0.289691410785436,0.276031893604642,1581,87.067,4.532,3.745,6.345,0.648627590804429,1581,87.067,4.532,3.745,6.345,"ADV63","SD0171102","SD01711","5748","Faecal","Sciurus vulgaris","Rodentia","Adult","Varese",2021-11-04,"Italy","Lombardy, Varese",458,885,1,1,1,1,"1.508","4.494",0,"M",310,"nonbreeding","ASL","urban","VAS","VA","0.59","0.651",8848748,45799523,11,2021,"autumn","0.6495",41225152,10345228,"0.0254777588014222",4494140709,1507774171,"0.0541373802833292",179925072082399,"0.896467773360917"
"EHI02013",0.349296612370684,0.176783816872612,0.34161944585226,0.263040214621648,1641,314.507,6.247,3.055,4.102,0.639953577860716,1641,314.507,6.247,3.055,4.102,"AAZ57","SD0031301","SD00313","4914","Faecal","Sciurus carolinensis","Rodentia","Adult","Torino",2021-02-23,"Italy","Piedmont, Torino",4506,769,1,1,1,1,"0.029","3.728",0,"M",580,"breeding","TO","urban","TO","TO","0.576","0.71",7687153,45056009,2,2021,"winter","0.6633",25705342,204150,"0.0600655638054329",3728406764,29480386,"0.0839342422499679",196733317931763,"0.74577174792565"
"EHI02014",0.359967894866002,0.182835953147285,0.356103285403127,0.271401924006643,1640,253.517,7.388,3.593,4.82,0.661504943147662,1640,253.517,7.388,3.593,4.82,"AEM52","SD0039602","SD00396","5709","Faecal","Sciurus carolinensis","Rodentia","Adult","ILO",2022-02-08,"Italy","Piedmont, ILO",4502,767,1,1,1,1,"0.053","4.392",0,"F",660,"nonbreeding","ILO","urban","ILO","TO","0.448","0.511",76723,45024144,2,2022,"winter","0.6927",30419484,367908,"0.0534139971886977",4392267285,53262250,"0.0777673868683993",195463376856558,"0.78044575050549"
"EHI02015",0.331103980217648,0.156240727259143,0.270436829238919,0.243672353738395,1596,73.428,4.899,2.614,3.418,0.577490317223097,1596,73.428,4.899,2.614,3.418,"ACG94","SD0171201","SD01712","5743","Faecal","Sciurus vulgaris","Rodentia","Adult","Varese",2021-07-14,"Italy","Lombardy, Varese",458,885,1,1,1,1,"0.11","3.106",0,"M",285,"nonbreeding","ASL","urban","VAS","VA","0.59","0.651",8848748,45799523,7,2021,"spring-summer","0.6871",22025226,830068,"0.0333572376551879",3106227186,109865753,"0.0590144341727057",180495231015518,"0.879551652727426"
"EHI02016",0.32959877420164,0.154538277874154,0.339239431078322,0.242068526037897,1261,16.649,3.023,2.704,4.19,0.597216862435235,1261,16.649,3.023,2.704,4.19,"AEL37","SD0178301","SD01783","5842","Faecal","Sciurus vulgaris","Rodentia","Adult","Varese",2021-11-04,"Italy","Lombardy, Varese",458,885,1,1,1,1,"0.066","3.814",0,"F",370,"nonbreeding","ASL","urban","VAS","VA","0.59","0.651",8848748,45799523,11,2021,"autumn","0.7368",26564724,464664,"0.0489545910032639",3813602846,65677497,"0.0741175501713141",166075649932046,"0.951494327892836"
"EHI02017",0.383385343028673,0.204277258467813,0.394438412212552,0.293831300748243,1446,48.239,4.523,2.599,4.34,0.719142072234004,1446,48.239,4.523,2.599,4.34,"AEL38","SD0177901","SD01779","5829","Faecal","Sciurus vulgaris","Rodentia","Adult","Varese",2021-10-26,"Italy","Lombardy, Varese",4583,883,1,1,1,1,"1.019","3.084",0,"F",335,"nonbreeding","Ville Ponti","urban","VAU","VA","0.842","0.876",8831966,45825571,10,2021,"autumn","0.6946",28085100,6987377,"0.0292592021130103",3083593297,1019447649,"0.0545427429056619",176571091367213,"0.899865848093401"
"EHI02018",0.343936418027916,0.173054508518809,0.351406039793319,0.258495463273362,1645,278.477,7.113,3.4,4.763,0.634126273144497,1645,278.477,7.113,3.4,4.763,"AEU26","SD0191502","SD01915","4318","Faecal","Sciurus carolinensis","Rodentia","Adult","ILO",2022-02-09,"Italy","Piedmont, ILO",4502,767,1,1,1,1,"0.033","4.358",0,"F",680,"nonbreeding","ILO","urban","ILO","TO","0.448","0.511",76723,45024144,2,2022,"winter","0.6333",30226424,225167,"0.0480127915856925",4358197358,32599976,"0.0780731242068984",195399862536672,"0.76761727619733"
"EHI02019",0.34296887701545,0.170436916405372,0.339137981703061,0.256702896710411,1646,214.677,7.349,3.376,5.001,0.626451787321841,1646,214.677,7.349,3.376,5.001,"AAB61","SD0044801","SD00448","5963","Faecal","Sciurus carolinensis","Rodentia","Adult","AddaNord",2020-11-10,"Italy","Lombardy, AddaNord",4556,952,1,1,1,1,"0.509","4.046",0,"M",570,"breeding","C03-01","rural","AN","AN","0.13","0.146",9524899,45563423,11,2020,"autumn","0.6618",31201950,3504670,"0.0641229478428722",4046113317,509148324,"0.0891242723860698",192742791773795,"0.793478655575361"
"EHI02020",0.33989784512472,0.169662685253722,0.35285338953171,0.254780265189221,1606,133.897,5.142,1.909,5.086,0.627178326889012,1606,133.897,5.142,1.909,5.086,"ADV83","SD0032603","SD00326","4940","Faecal","Sciurus vulgaris","Rodentia","Nursing","Gallarate",2021-10-07,"Italy","Lombardy, Gallarate",4566,878,1,1,1,1,"2.431","2.34",0,"F",335,"lactating","Bassetti","urban","GAL","GAL","0.806","0.844",8781401,45661555,10,2021,"autumn","0.6513",32947510,16702066,"0.0283335176542582",2340373077,2431485842,"0.0618096541893689",189635062778897,"0.765658467931694"
"EHI02021",0.342465515277273,0.175311416080111,0.341104955124214,0.258888465678692,871,11.523,1.893,2.259,4.472,0.631478583065455,871,11.523,1.893,2.259,4.472,"AEM30","SD0177802","SD01778","4313","Faecal","Sciurus vulgaris","Rodentia","Adult","Varese",2022-01-24,"Italy","Lombardy, Varese",4583,883,1,1,1,1,"1.494","2.71",0,"F",350,"nonbreeding","Ville Ponti","urban","VAU","VA","0.842","0.876",8831966,45825571,1,2022,"winter","0.8373",28725326,10171966,"0.0364042186935393",2710355472,1493743523,"0.0598187221555568",158511365010395,"0.957535599705155"
"EHI02022",0.345313983852091,0.190198813384423,0.313311824729657,0.267756398618257,1406,21.889,3.863,2.154,3.695,0.639950072146399,1406,21.889,3.863,2.154,3.695,"ADU78","SD0172402","SD01724","5750","Faecal","Sciurus vulgaris","Rodentia","Adult","Varese",2021-09-29,"Italy","Lombardy, Varese",4582,881,1,1,1,1,"0.163","3.221",0,"M",330,"nonbreeding","Palace","suburban","VAS","VA","0.37","0.561",8808913,45823564,9,2021,"autumn","0.5626",23433942,1172511,"0.0487067104461306",3221013266,163230891,"0.0841180265314896",174350516836746,"0.813148932626182"
"EHI02023",0.389045755666614,0.194355815255882,0.313239217466802,0.291700785461248,1617,121.129,5.576,2.929,4.504,0.68781464341143,1617,121.129,5.576,2.929,4.504,"ACH42","SD0191401","SD01914","5726","Faecal","Sciurus vulgaris","Rodentia","Adult","Varese",2021-08-10,"Italy","Lombardy, Varese",4582,881,1,1,1,1,"0.298","3.963",0,"F",310,"nonbreeding","Palace","suburban","VAS","VA","0.37","0.561",8808913,45823564,8,2021,"spring-summer","0.5594",29171188,2062849,"0.0284716486467764",3962617272,297990086,"0.0540207361955563",185928996417673,"0.856234883564129"
"EHI02024",0.342632439112048,0.177553148176694,0.352855688748053,0.260092793644371,1641,246.019,5.78,3.631,5.371,0.63780415020476,1641,246.019,5.78,3.631,5.371,"AAZ95","SD0029901","SD00299","4388","Faecal","Sciurus carolinensis","Rodentia","Adult","Torino",2021-02-23,"Italy","Piedmont, Torino",4506,769,1,1,1,1,"0.396","4.456",0,"M",660,"nonbreeding","TO","urban","TO","TO","0.576","0.71",7687153,45056009,2,2021,"winter","0.6799",33235104,2655535,"0.0717519141233978",4455847605,395506593,"0.0966859923766311",194632990548375,"0.775485277352271"
"EHI02025",0.345160667284836,0.178952134487373,0.338207139361085,0.262056400886105,1649,219.988,5.838,2.384,4.833,0.636848514892571,1649,219.988,5.838,2.384,4.833,"AEL42","SD0031303","SD00313","4914","Faecal","Sciurus carolinensis","Rodentia","Adult","Torino",2021-11-10,"Italy","Piedmont, Torino",4506,769,1,1,1,1,"1.311","3.211",0,"M",620,"breeding","TO","urban","TO","TO","0.576","0.71",7687153,45056009,11,2021,"autumn","0.6133",31118038,8867031,"0.0341430840874289",3210536253,1310904057,"0.0644087965315853",194295781479324,"0.710690703804697"
"EHI02026",0.341756686424998,0.179100786052249,0.346846174684311,0.260428736238623,1630,270.4,6.687,3.567,4.829,0.636472864038684,1630,270.4,6.687,3.567,4.829,"ABA94","SD0044803","SD00448","5963","Faecal","Sciurus carolinensis","Rodentia","Adult","AddaNord",2021-03-29,"Italy","Lombardy, AddaNord",4556,952,1,1,1,1,"0.137","4.399",0,"M",560,"breeding","C03-01","rural","AN","AN","0.13","0.146",9524899,45563423,3,2021,"spring-summer","0.6178",31139304,966889,"0.032763282500812",4398792762,136874263,"0.0607660584556188",194059051980077,"0.794683692386056"
"EHI02027",0.351221990831327,0.185211677126577,0.337780659398923,0.268216833978952,1634,265.092,6.049,2.024,3.102,0.649027221090878,1634,265.092,6.049,2.024,3.102,"AAU88","SD0037302","SD00373","5655","Faecal","Sciurus carolinensis","Rodentia","Adult","RS",2020-12-09,"Italy","Piedmont, RS",4495,76,1,1,1,1,"0.134","2.42",0,"F",450,"nonbreeding","RS","suburban","RS","PR","0.2","0.224",7594981,44950145,12,2020,"winter","0.6566",17711126,908793,"0.143491169186445",2420006655,133609578,"0.176715301604447",195356678588273,"0.705487884353146"
"EHI02028",0.325898923457267,0.183838036709512,0.332939316139153,0.25486848008339,1648,81.013,3.728,3.856,5.196,0.620716732213163,1648,81.013,3.728,3.856,5.196,"ABC23","SD0032001","SD00320","4926","Faecal","Sciurus vulgaris","Rodentia","Adult","Gallarate",2021-04-14,"Italy","Lombardy, Gallarate",4566,878,1,1,1,1,"0.143","4.654",0,"M",320,"nonbreeding","Bassetti","urban","GAL","GAL","0.806","0.844",8781401,45661555,4,2021,"spring-summer","0.6838",32680280,1006760,"0.0564910463557452",4653876495,142689009,"0.0767923857516587",178992218972027,"0.857431340470261"
"EHI02029",0.341609087313877,0.172180354692896,0.33381227903222,0.256894721003387,1617,236.71,6.079,2.917,4.642,0.62506020168418,1617,236.71,6.079,2.917,4.642,"ADW28","SD0191501","SD01915","4318","Faecal","Sciurus carolinensis","Rodentia","Adult","ILO",2021-10-12,"Italy","Piedmont, ILO",4502,767,1,1,1,1,"0.287","3.515",0,"F",635,"nonbreeding","ILO","urban","ILO","TO","0.448","0.511",76723,45024144,10,2021,"autumn","0.6928",26009330,1945683,"0.159580486410251",3514596800,286774217,"0.181128110289318",193785979790632,"0.773949735252463"
"EHI02030",0.301573129323312,0.118604276840131,0.250233204640262,0.210088703081722,1249,6.628,2.562,4.623,6.747,0.503588474376864,1249,6.628,2.562,4.623,6.747,"ADU76","SD0169202","SD01692","5779","Faecal","Sciurus vulgaris","Rodentia","Adult","Varese",2021-09-28,"Italy","Lombardy, Varese",4583,88,1,1,1,1,"0.038","6.295",0,"F",345,"nonbreeding","Villa Baragiola","urban","VAU","VA","0.723","0.714",8798065,45832156,9,2021,"autumn","0.6073",43497022,282660,"0.0329623241227101",6294850667,38280213,"0.0613340276916895",157916207924705,"0.930183247419485"
"EHI02031",0.363718338315508,0.179910917021866,0.269901427058571,0.271814627668687,1626,54.225,4.3,3.819,5.147,0.633596397690231,1626,54.225,4.3,3.819,5.147,"AEU32","SD0031203","SD00312","4912","Faecal","Sciurus vulgaris","Rodentia","Adult","Gallarate",2022-01-18,"Italy","Lombardy, Gallarate",4566,878,1,1,1,1,"0.079","4.615",0,"M",335,"breeding","Aloisianum","urban","GAL","GAL","0.81","0.832",8779362,45656676,1,2022,"winter","0.6278",33145694,616641,"0.0341149461033146",4615215345,78578875,"0.0881338044162135",177900096411832,"0.890767738801026"
"EHI02032",0.33972728478412,0.167201282291593,0.331177218625646,0.253464283537856,1651,291.924,6.434,4.625,7.048,0.617320973284261,1651,291.924,6.434,4.625,7.048,"ABC51","SD0039601","SD00396","5709","Faecal","Sciurus carolinensis","Rodentia","Adult","ILO",2021-04-20,"Italy","Piedmont, ILO",4502,767,1,1,1,1,"0.618","5.624",0,"F",605,"nonbreeding","ILO","urban","ILO","TO","0.448","0.511",76723,45024144,4,2021,"spring-summer","0.6686",42855276,4231971,"0.0879173482855894",5624025816,617878710,"0.114362981145774",19545621692856,"0.796971855876592"
"EHI02033",0.326502933697233,0.151155705564563,0.284657445482711,0.238829319630898,1468,9.729,2.435,4.822,6.974,0.572544454422699,1468,9.729,2.435,4.822,6.974,"ADV71","SD0191402","SD01914","5726","Faecal","Sciurus vulgaris","Rodentia","Adult","Varese",2021-09-28,"Italy","Lombardy, Varese",4582,881,1,1,1,1,"0.045","6.374",0,"F",330,"nonbreeding","Palace","suburban","VAS","VA","0.37","0.561",8808913,45823564,9,2021,"autumn","0.6991",43821580,336868,"0.0574761385738007",6373949627,45485903,"0.0795294367277279",162928839539635,"0.92112278365021"
"EHI02034",0.320581560283258,0.156453156411875,0.324427283104909,0.238517358347566,1641,244.246,6.614,3.829,5.345,0.585177144396769,1641,244.246,6.614,3.829,5.345,"AAV94","SD0030002","SD00300","4389","Faecal","Sciurus carolinensis","Rodentia","Adult","Torino",2021-04-07,"Italy","Piedmont, Torino",4506,769,1,1,1,1,"0.207","4.746",0,"M",630,"breeding","TO","urban","TO","TO","0.576","0.71",7687153,45056009,4,2021,"spring-summer","0.6323",34199534,1452266,"0.0402425603893503",4745975839,207115863,"0.0733272154978729",19327387646048,"0.793833645511499"
"EHI02035",0.300002212184685,0.151952681252138,0.307316848786179,0.225977446718411,1317,40.402,2.445,2.719,6.073,0.554393843032216,1317,40.402,2.445,2.719,6.073,"AEL29","SD0177801","SD01778","4313","Faecal","Sciurus vulgaris","Rodentia","Adult","Varese",2021-10-25,"Italy","Lombardy, Varese",4583,883,1,1,1,1,"2.177","3.557",0,"F",340,"nonbreeding","Ville Ponti","urban","VAU","VA","0.842","0.876",8831966,45825571,10,2021,"autumn","0.6838",39407340,14878976,"0.0266266337276556",3556949743,2177060762,"0.0557878967906595",178770262288242,"0.89009311615989"
"EHI02036",0.346145813199983,0.183140079955536,0.346818673426527,0.264642946577759,1647,189.565,6.387,5.142,7.311,0.644892117631027,1647,189.565,6.387,5.142,7.311,"AAA50","SD0037301","SD00373","5655","Faecal","Sciurus carolinensis","Rodentia","Adult","RS",2020-10-13,"Italy","Piedmont, RS",4495,76,1,1,1,1,"0.325","6.139",0,"F",470,"nonbreeding","RS","suburban","RS","PR","0.2","0.224",7594981,44950145,10,2020,"autumn","0.7015",44950742,2493734,"0.0777989222878596",6138747407,324567704,"0.115998847366841",189309570682132,"0.849089965230377"
"EHI02037",0.30582515992926,0.160820280187161,0.326661090074253,0.23332272005821,1601,47.449,2.897,3.926,5.633,0.575532470141172,1601,47.449,2.897,3.926,5.633,"ABC33","SD0031801","SD00318","4922","Faecal","Sciurus vulgaris","Rodentia","Adult","Gallarate",2021-04-14,"Italy","Lombardy, Gallarate",4566,878,1,1,1,1,"0.158","4.819",0,"M",300,"breeding","Bassetti","urban","GAL","GAL","0.806","0.844",8781401,45661555,4,2021,"spring-summer","0.7289",34737514,1367624,"0.074929273894271",4819246034,158163898,"0.116333575296319",180693724439102,"0.860825086297869"
"EHI02038",0.38764827786149,0.213914912830081,0.365632020754194,0.300781595345785,1467,46.981,2.313,4.49,5.749,0.723440530942968,1467,46.981,2.313,4.49,5.749,"AEM23","SD0178302","SD01783","5842","Faecal","Sciurus vulgaris","Rodentia","Adult","Varese",2022-01-12,"Italy","Lombardy, Varese",458,885,1,1,1,1,"0.093","5.199",0,"F",355,"nonbreeding","ASL","urban","VAS","VA","0.59","0.651",8848748,45799523,1,2022,"winter","0.6828",36355788,728019,"0.0513980062960445",5199459650,93407657,"0.0793168009761956",174815761075706,"0.944567219777863"
"EHI02039",0.334642622505547,0.192202686797054,0.334588228814387,0.2634226546513,1613,35.254,3.144,3.586,5.039,0.638374718907396,1613,35.254,3.144,3.586,5.039,"ABC29","SD0030501","SD00305","4901","Faecal","Sciurus vulgaris","Rodentia","Adult","Gallarate",2021-04-16,"Italy","Lombardy, Gallarate",4566,878,1,1,1,1,"0.044","4.457",0,"M",345,"nonbreeding","Bassetti","urban","GAL","GAL","0.806","0.844",8781401,45661555,4,2021,"spring-summer","0.71",31338836,382350,"0.0670446496744598",4457212863,43861599,"0.106688476126649",178861377273492,"0.851187628740409"
"EHI02068",0.348131651147343,0.170421279640699,0.324513320950759,0.259276465394021,1670,217.896,8.755,2.783,4.29,0.626724037771629,1670,217.896,8.755,2.783,4.29,"AAZ65","SD0032701","SD00327","4943","Faecal","Sciurus carolinensis","Rodentia","Adult","Torino",2021-02-23,"Italy","Piedmont, Torino",4506,769,4,3,3,3,"1.236","7.624",465,"M",640,"nonbreeding","TO","urban","TO","TO","0.576","0.71",7687153,45056009,2,2021,"winter","0.6667",27694370,2918790,"0.0317351944765381",3601084486,429440182,"0.0605514926394701",190766558004349,"0.785094674015336"
"EHI02078",0.360722056945934,0.173588518755414,0.341983820221197,0.267155287850674,1650,280.091,7.599,2.929,4.75,0.648305182441748,1650,280.091,7.599,2.929,4.75,"ABA95","SD0043802","SD00438","5936","Faecal","Sciurus carolinensis","Rodentia","Pregnant","AddaNord",2021-03-29,"Italy","Lombardy, AddaNord",4556,952,4,3,3,3,"0.945","16.361",465,"F",560,"pregnant","C03-01","rural","AN","AN","0.13","0.146",9524899,45563423,3,2021,"spring-summer","0.6389",29718816,2591689,"0.0614124133090453",3849590816,333115601,"0.119337656482501",193981537217349,"0.79589789692041"
"EHI02235",0.384830477556912,0.226322194535589,0.357259830595659,0.305576336046251,1463,44.6,3.755,1.588,7.654,0.730239282291054,1463,44.6,3.755,1.588,7.654,"AAV79","SD0038202","SD00382","5665","Faecal","Sciurus vulgaris","Rodentia","Adult","Golasecca",2021-01-11,"Italy","Lombardy, Golasecca",4569,866,1,1,1,1,"5.249","1.924",0,"M",300,"nonbreeding","GS","rural","GS","GS","0.0635","0.0985",865614,45687981,1,2021,"winter","0.7054",49278844,35798136,"0.034283807444216",1923524874,5248912133,"0.0629462874918842",172242925167986,"0.889399960673378"
"EHI02240",0.179584084946151,0.107293146925279,0.201584921045873,0.143438615935715,1339,13.453,2.932,3.658,5.542,0.354072205553388,1339,13.453,2.932,3.658,5.542,"AEM09","SD0175302","SD01753","4312","Faecal","Sciurus vulgaris","Rodentia","Adult","Varese",2021-12-16,"Italy","Lombardy, Varese",4583,88,1,1,1,1,"0.474","4.74",0,"F",330,"nonbreeding","Villa Baragiola","urban","VAU","VA","0.723","0.714",8798065,45832156,12,2021,"winter","0.7774",35624558,3187898,"0.0358463904130899",4739845789,474043036,"0.0592651038442632",163782309761169,"0.934397583523397"
"EHI02241",0.354222916562922,0.180747953242827,0.3147292552491,0.267485434902875,1447,60.718,6.006,1.297,4.477,0.639880621555449,1447,60.718,6.006,1.297,4.477,"AEM11","SD0179501","SD01795","5839","Faecal","Sciurus vulgaris","Rodentia","Adult","Varese",2021-12-16,"Italy","Lombardy, Varese",4583,88,1,1,1,1,"2.455","1.775",0,"F",260,"nonbreeding","Villa Baragiola","urban","VAU","VA","0.723","0.714",8798065,45832156,12,2021,"winter","0.6797",29153534,16832792,"0.0231617630305482",1774768550,2455258871,"0.0551053997405421",181977485064624,"0.872822963360856"
"EHI02242",0.383006803676984,0.209214739249774,0.377739628728907,0.296110771463379,1371,40.801,4.144,1.301,6.941,0.71813475250306,1371,40.801,4.144,1.301,6.941,"AEM28","SD0177602","SD01776","4322","Faecal","Sciurus vulgaris","Rodentia","Pregnant","Varese",2022-01-24,"Italy","Lombardy, Varese",4583,883,1,1,1,1,"4.964","1.603",0,"F",360,"pregnant","Ville Ponti","urban","VAU","VA","0.842","0.876",8831966,45825571,1,2022,"winter","0.6835",44832788,33598270,"0.0310881420257354",1602787025,4963944856,"0.0538792891728337",173832066767294,"0.907811536075542"
"EHI02255",0.37863947209381,0.192617498391574,0.348876622388476,0.285628485242692,1626,174.693,6.595,2.276,5.264,0.687549177948208,1626,174.693,6.595,2.276,5.264,"ACG96","SD0172301","SD01723","5732","Faecal","Sciurus vulgaris","Rodentia","Adult","Varese",2021-08-11,"Italy","Lombardy, Varese",4582,881,1,1,1,1,"1.566","3.201",0,"F",295,"nonbreeding","Palace","suburban","VAS","VA","0.37","0.561",8808913,45823564,8,2021,"spring-summer","0.6582",33632014,11497348,"0.0416266465979783",3201139898,1566323338,"0.0943133867022903",190794229063109,"0.797382725942406"
"EHI02256",0.385986492615023,0.207449228724686,0.359467272653437,0.296717860669855,1464,52.285,5.521,4.922,7.126,0.713258145557522,1464,52.285,5.521,4.922,7.126,"AEM35","SD0177702","SD01777","4303","Faecal","Sciurus vulgaris","Rodentia","Pregnant","Varese",2022-01-26,"Italy","Lombardy, Varese",4583,883,1,1,1,1,"0.671","6.087",0,"F",325,"pregnant","Ville Ponti","urban","VAU","VA","0.842","0.876",8831966,45825571,1,2022,"winter","0.7037",46308108,4549093,"0.0252943400901514",6086803381,670777426,"0.0517640006826937",175014879228406,"0.956002668540773"
"EHI02263",0.356560774426026,0.179422581723581,0.321983172210859,0.267991678074804,1370,90.696,4.869,0.114,4.393,0.643311080219893,1370,90.696,4.869,0.114,4.393,"AAZ81","SD0044301","SD00443","5946","Faecal","Sciurus vulgaris","Rodentia","Adult","Calusco",2021-02-24,"Italy","Lombardy, Calusco",4568,946,1,1,1,1,"0.042","3.992",0,"M",330,"breeding","C03-18","rural","CAL","CAL","0.047","0.227",9460459,45680513,2,2021,"winter","0.5969",27650046,284417,"0.0558968244792537",3992215153,41810989,"0.0817286185115437",22181747644363,"0.326013378862485"
"EHI02273",0.371169562826506,0.1852405763398,0.335211327852191,0.278205069583153,1648,147.759,6.067,1.903,4.667,0.66814724845037,1648,147.759,6.067,1.903,4.667,"AAU51","SD0043202","SD00432","5913","Faecal","Sciurus vulgaris","Rodentia","Adult","AddaNord",2021-01-12,"Italy","Lombardy, AddaNord",4556,952,1,1,1,1,"1.556","2.569",0,"M",320,"nonbreeding","C03-01","rural","AN","AN","0.13","0.146",9524899,45563423,1,2021,"winter","0.6533",29322268,11393584,"0.0576443109965175",2569314139,1555723473,"0.116200092702802",190584514614104,"0.767476707527543"
"EHI02274",0.237043462007229,0.0914413090026983,0.243047251984219,0.164242385504963,1018,8.676,1.585,2.53,4.888,0.409500521671333,1018,8.676,1.585,2.53,4.888,"AAV74","SD0040901","SD00409","5759","Faecal","Sciurus vulgaris","Rodentia","Adult","Golasecca",2021-01-11,"Italy","Lombardy, Golasecca",4569,866,1,1,1,1,"0.956","3.411",0,"F",270,"nonbreeding","GS","rural","GS","GS","0.0635","0.0985",865614,45687981,1,2021,"winter","0.7745",29825230,6469531,"0.0847294336837348",3410598211,956479551,"0.106560064220146",15984311141608,"0.955029550519248"
"EHI02291",0.165688122588682,0.0846480971154566,0.187107014139262,0.125168109852069,958,7.552,2.686,0.459,4.327,0.312705224417226,958,7.552,2.686,0.459,4.327,"ACG25","SD0169001","SD01690","5707","Faecal","Sciurus vulgaris","Rodentia","Adult","Varese",2021-05-10,"Italy","Lombardy, Varese",4583,88,1,1,1,1,"3.187","0.838",0,"M",330,"nonbreeding","Villa Baragiola","urban","VAU","VA","0.723","0.714",8798065,45832156,5,2021,"spring-summer","0.7065",27987836,21982160,"0.0297193692625859",838189014,3186963816,"0.0697082769083713",173435593910214,"0.700064050523761"
"EHI02292",0.364059269329461,0.177247674488309,0.341622538301637,0.270653471908885,1639,102.345,4.016,2.756,5.909,0.655181123251648,1639,102.345,4.016,2.756,5.909,"ACG30","SD0169301","SD01693","5776","Faecal","Sciurus vulgaris","Rodentia","Nursing","Varese",2021-05-12,"Italy","Lombardy, Varese",4583,88,1,1,1,1,"1.346","3.787",0,"F",265,"nonbreeding","Villa Baragiola","urban","VAU","VA","0.723","0.714",8798065,45832156,5,2021,"spring-summer","0.7265",36084980,9793157,"0.0840044883678025",3786785665,1345638925,"0.131443260098667",187772996975555,"0.822511058911068"
"EHI02297",0.36556024461306,0.185248769479374,0.331263122524988,0.275404507046217,1629,139.21,5.867,3.973,5.685,0.661230054934096,1629,139.21,5.867,3.973,5.685,"AAZ50","SD0046001","SD00460","5980","Faecal","Sciurus vulgaris","Rodentia","Adult","Calusco",2021-02-25,"Italy","Lombardy, Calusco",4568,946,1,1,1,1,"0.045","5.101",0,"M",270,"breeding","C03-18","rural","CAL","CAL","0.047","0.227",9460459,45680513,2,2021,"winter","0.8265",34690654,309854,"0.0847229768036396",5101305081,45022480,"0.0947964696917185",187426782915054,"0.884204297173726"
"EHI02300",0.364334822421868,0.204181816808024,0.369127388263727,0.284258319614946,1433,53.741,4.457,1.641,4.77,0.691559101984467,1433,53.741,4.457,1.641,4.77,"AEM14","SD0175202","SD01752","4307","Faecal","Sciurus vulgaris","Rodentia","Adult","Varese",2021-12-17,"Italy","Lombardy, Varese",4583,88,1,1,1,1,"1.345","2.926",0,"F",360,"nonbreeding","Villa Baragiola","urban","VAU","VA","0.723","0.714",8798065,45832156,12,2021,"winter","0.4368",30325276,9412885,"0.0464394988112754",2926442548,1345031658,"0.104573341242232",187813827190537,"0.762545899437318"
"EHI02301",0.365182730701129,0.186752473936185,0.329039918860297,0.275967602318657,1565,107.06,4.747,1.691,9.926,0.661615177590747,1565,107.06,4.747,1.691,9.926,"AEM45","SD0176803","SD01768","4308","Faecal","Sciurus vulgaris","Rodentia","Pregnant","Gallarate",2022-01-17,"Italy","Lombardy, Gallarate",4566,878,1,1,1,1,"7.169","2.168",0,"F",320,"pregnant","Aloisianum","urban","GAL","GAL","0.81","0.832",8779362,45656676,1,2022,"winter","0.661",63470160,48241456,"0.0408505945789502",2167564097,7168721103,"0.0594118140533707",182008513372035,"0.846397559554126"
"EHI02302",0.341097622520229,0.17687028811422,0.317125025525726,0.258983955317225,1488,89.804,5.502,0.724,4.92,0.623676252476358,1488,89.804,5.502,0.724,4.92,"AEU35","SD0180901","SD01809","5850","Faecal","Sciurus vulgaris","Rodentia","Pregnant","Varese",2022-03-04,"Italy","Lombardy, Varese",4583,883,1,1,1,1,"3.354","1.222",0,"F",375,"pregnant","Ville Ponti","urban","VAU","VA","0.842","0.876",8831966,45825571,3,2022,"spring-summer","0.5352",31956200,23363012,"0.0256820624970616",1221769093,3353742938,"0.069976312355912",186459986751943,"0.740893401514518"
"EHI02303",0.363376422243931,0.163325996589981,0.330924830327213,0.263351209416956,1491,103.31,5.031,1.128,1.701,0.63701069560965,1491,103.31,5.031,1.128,1.701,"AEM20","SD0179402","SD01794","5848","Faecal","Sciurus vulgaris","Rodentia","Adult","Varese",2022-01-11,"Italy","Lombardy, Varese",458,885,1,1,1,1,"0.067","1.408",0,"F",260,"nonbreeding","ASL","urban","VAS","VA","0.59","0.651",8848748,45799523,1,2022,"winter","0.8091",10024154,453830,"0.115800327776886",1408142598,67274267,"0.132386893746542",181915244902993,"0.840099754889729"
"EHI02304",0.35784019922979,0.181075793853877,0.329541072309514,0.269457996541834,1604,132.81,5.167,3.582,5.224,0.648763017186839,1604,132.81,5.167,3.582,5.224,"AEM43","SD0176502","SD01765","4311","Faecal","Sciurus vulgaris","Rodentia","Adult","Gallarate",2022-01-17,"Italy","Lombardy, Gallarate",4566,878,1,1,1,1,"0.375","4.355",0,"M",350,"breeding","Aloisianum","urban","GAL","GAL","0.81","0.832",8779362,45656676,1,2022,"winter","0.6742",32810758,2670424,"0.05788787763725",4354844929,375320398,"0.0945355797943546",187391269487634,"0.881679390646633"
"EHI02305",0.380937922858181,0.21182336611972,0.345930627940408,0.29638064448895,1543,108.074,4.267,0.963,4.009,0.70807149829137,1543,108.074,4.267,0.963,4.009,"AEU13","SD0180401","SD01804","2932","Faecal","Sciurus vulgaris","Rodentia","Adult","Varese",2022-02-16,"Italy","Lombardy, Varese",4584,881,1,1,1,1,"2.275","1.47",0,"F",295,"pregnant","Villa Toeplitz","suburban","VAS","VA","0.504","0.424",881432,45844356,2,2022,"winter","0.6586",25757684,15544101,"0.0363272205694396",1469867899,2274666917,"0.0660375951478603",187333241930474,"0.772751064493395"
"EHI02306",0.318576761477539,0.164365459910959,0.291597269543208,0.241471110694249,1583,54.558,2.959,2.09,3.021,0.580141311236235,1583,54.558,2.959,2.09,3.021,"AEU44","SD0176902","SD01769","4241","Faecal","Sciurus vulgaris","Rodentia","Adult","Gallarate",2022-02-24,"Italy","Lombardy, Gallarate",4566,878,1,1,1,1,"0.138","2.63",0,"F",335,"breeding","Ponti","urban","GAL","GAL","0.8","0.779",8787173,45672497,2,2022,"winter","0.7454",19259984,1040567,"0.0437745101251753",2629714699,137920460,"0.0839441037578005",177656323998483,"0.889141169616028"
